spectrogram,base_file,chunk,root,dataset,subdir,duration,speaker,initial_speaker,age,gender,language,emotion.confidence,emotion.naturalness,transcript,initial_transcript,anger,boredom,calm,disgust,fear,happiness,neutral,sadness,surprise,emotion
fear/03a01Ab_0.png,03a01Ab.wav,0,data/emodb_2.0,EmoDB,wav,1.956,1,3,31.0,male,deu,0.65,0.35,1.0,a01,0,0.0,None,0.0,1.0,0,0,0,None,fear
disgust/03a01Eb_0.png,03a01Eb.wav,0,data/emodb_2.0,EmoDB,wav,2.189,1,3,31.0,male,deu,0.6,0.35,1.0,a01,0,0.0,None,1.0,0.0,0,0,0,None,disgust
happiness/03a01Fa_0.png,03a01Fa.wav,0,data/emodb_2.0,EmoDB,wav,1.898,1,3,31.0,male,deu,0.9,0.75,1.0,a01,0,0.0,None,0.0,0.0,1,0,0,None,happiness
boredom/03a01Lb_0.png,03a01Lb.wav,0,data/emodb_2.0,EmoDB,wav,2.278,1,3,31.0,male,deu,0.7,0.35,1.0,a01,0,1.0,None,0.0,0.0,0,0,0,None,boredom
neutral/03a01Nc_0.png,03a01Nc.wav,0,data/emodb_2.0,EmoDB,wav,1.611,1,3,31.0,male,deu,1.0,0.95,1.0,a01,0,0.0,None,0.0,0.0,0,1,0,None,neutral
sadness/03a01Tc_0.png,03a01Tc.wav,0,data/emodb_2.0,EmoDB,wav,2.023,1,3,31.0,male,deu,0.65,0.55,1.0,a01,0,0.0,None,0.0,0.0,0,0,1,None,sadness
anger/03a01Wa_0.png,03a01Wa.wav,0,data/emodb_2.0,EmoDB,wav,1.878,1,3,31.0,male,deu,0.95,0.9,1.0,a01,1,0.0,None,0.0,0.0,0,0,0,None,anger
fear/03a02Ab_0.png,03a02Ab.wav,0,data/emodb_2.0,EmoDB,wav,1.394,1,3,31.0,male,deu,0.9,0.4,2.0,a02,0,0.0,None,0.0,1.0,0,0,0,None,fear
disgust/03a02Ea_0.png,03a02Ea.wav,0,data/emodb_2.0,EmoDB,wav,2.673,1,3,31.0,male,deu,0.55,0.25,2.0,a02,0,0.0,None,1.0,0.0,0,0,0,None,disgust
happiness/03a02Fc_0.png,03a02Fc.wav,0,data/emodb_2.0,EmoDB,wav,2.006,1,3,31.0,male,deu,0.85,0.6,2.0,a02,0,0.0,None,0.0,0.0,1,0,0,None,happiness
boredom/03a02Lc_0.png,03a02Lc.wav,0,data/emodb_2.0,EmoDB,wav,1.999,1,3,31.0,male,deu,0.5,0.35,2.0,a02,0,1.0,None,0.0,0.0,0,0,0,None,boredom
neutral/03a02Nc_0.png,03a02Nc.wav,0,data/emodb_2.0,EmoDB,wav,1.44,1,3,31.0,male,deu,1.0,0.95,2.0,a02,0,0.0,None,0.0,0.0,0,1,0,None,neutral
sadness/03a02Ta_0.png,03a02Ta.wav,0,data/emodb_2.0,EmoDB,wav,1.736,1,3,31.0,male,deu,0.9,0.75,2.0,a02,0,0.0,None,0.0,0.0,0,0,1,None,sadness
anger/03a02Wb_0.png,03a02Wb.wav,0,data/emodb_2.0,EmoDB,wav,2.124,1,3,31.0,male,deu,1.0,0.85,2.0,a02,1,0.0,None,0.0,0.0,0,0,0,None,anger
anger/03a02Wc_0.png,03a02Wc.wav,0,data/emodb_2.0,EmoDB,wav,1.498,1,3,31.0,male,deu,1.0,0.9,2.0,a02,1,0.0,None,0.0,0.0,0,0,0,None,anger
fear/03a04Ac_0.png,03a04Ac.wav,0,data/emodb_2.0,EmoDB,wav,1.826,1,3,31.0,male,deu,0.8,0.5,3.0,a04,0,0.0,None,0.0,1.0,0,0,0,None,fear
fear/03a04Ad_0.png,03a04Ad.wav,0,data/emodb_2.0,EmoDB,wav,1.505,1,3,31.0,male,deu,0.9,0.65,3.0,a04,0,0.0,None,0.0,1.0,0,0,0,None,fear
disgust/03a04Eb_0.png,03a04Eb.wav,0,data/emodb_2.0,EmoDB,wav,1.735,1,3,31.0,male,deu,0.6,0.2,3.0,a04,0,0.0,None,1.0,0.0,0,0,0,None,disgust
happiness/03a04Fd_0.png,03a04Fd.wav,0,data/emodb_2.0,EmoDB,wav,1.697,1,3,31.0,male,deu,1.0,0.9,3.0,a04,0,0.0,None,0.0,0.0,1,0,0,None,happiness
boredom/03a04Lc_0.png,03a04Lc.wav,0,data/emodb_2.0,EmoDB,wav,1.931,1,3,31.0,male,deu,0.9,0.85,3.0,a04,0,1.0,None,0.0,0.0,0,0,0,None,boredom
neutral/03a04Nc_0.png,03a04Nc.wav,0,data/emodb_2.0,EmoDB,wav,1.561,1,3,31.0,male,deu,1.0,0.95,3.0,a04,0,0.0,None,0.0,0.0,0,1,0,None,neutral
sadness/03a04Ta_0.png,03a04Ta.wav,0,data/emodb_2.0,EmoDB,wav,2.064,1,3,31.0,male,deu,0.9,0.75,3.0,a04,0,0.0,None,0.0,0.0,0,0,1,None,sadness
anger/03a04Wa_0.png,03a04Wa.wav,0,data/emodb_2.0,EmoDB,wav,2.233,1,3,31.0,male,deu,0.9,0.45,3.0,a04,1,0.0,None,0.0,0.0,0,0,0,None,anger
anger/03a04Wc_0.png,03a04Wc.wav,0,data/emodb_2.0,EmoDB,wav,2.044,1,3,31.0,male,deu,1.0,0.65,3.0,a04,1,0.0,None,0.0,0.0,0,0,0,None,anger
fear/03a05Aa_0.png,03a05Aa.wav,0,data/emodb_2.0,EmoDB,wav,3.088,1,3,31.0,male,deu,0.85,0.55,4.0,a05,0,0.0,None,0.0,1.0,0,0,0,None,fear
disgust/03a05Ea_0.png,03a05Ea.wav,0,data/emodb_2.0,EmoDB,wav,3.594,1,3,31.0,male,deu,0.75,0.3,4.0,a05,0,0.0,None,1.0,0.0,0,0,0,None,disgust
happiness/03a05Fc_0.png,03a05Fc.wav,0,data/emodb_2.0,EmoDB,wav,3.196,1,3,31.0,male,deu,1.0,0.8,4.0,a05,0,0.0,None,0.0,0.0,1,0,0,None,happiness
boredom/03a05La_0.png,03a05La.wav,0,data/emodb_2.0,EmoDB,wav,3.902,1,3,31.0,male,deu,0.65,0.3,4.0,a05,0,1.0,None,0.0,0.0,0,0,0,None,boredom
neutral/03a05Nd_0.png,03a05Nd.wav,0,data/emodb_2.0,EmoDB,wav,3.168,1,3,31.0,male,deu,1.0,0.9,4.0,a05,0,0.0,None,0.0,0.0,0,1,0,None,neutral
sadness/03a05Ta_0.png,03a05Ta.wav,0,data/emodb_2.0,EmoDB,wav,3.601,1,3,31.0,male,deu,0.45,0.2,4.0,a05,0,0.0,None,0.0,0.0,0,0,1,None,sadness
sadness/03a05Tc_0.png,03a05Tc.wav,0,data/emodb_2.0,EmoDB,wav,3.498,1,3,31.0,male,deu,0.85,0.5,4.0,a05,0,0.0,None,0.0,0.0,0,0,1,None,sadness
anger/03a05Wa_0.png,03a05Wa.wav,0,data/emodb_2.0,EmoDB,wav,3.441,1,3,31.0,male,deu,1.0,0.85,4.0,a05,1,0.0,None,0.0,0.0,0,0,0,None,anger
anger/03a05Wb_0.png,03a05Wb.wav,0,data/emodb_2.0,EmoDB,wav,2.962,1,3,31.0,male,deu,1.0,0.9,4.0,a05,1,0.0,None,0.0,0.0,0,0,0,None,anger
fear/03a07Ad_0.png,03a07Ad.wav,0,data/emodb_2.0,EmoDB,wav,1.603,1,3,31.0,male,deu,0.65,0.45,5.0,a07,0,0.0,None,0.0,1.0,0,0,0,None,fear
disgust/03a07Ea_0.png,03a07Ea.wav,0,data/emodb_2.0,EmoDB,wav,2.098,1,3,31.0,male,deu,0.85,0.45,5.0,a07,0,0.0,None,1.0,0.0,0,0,0,None,disgust
happiness/03a07Fa_0.png,03a07Fa.wav,0,data/emodb_2.0,EmoDB,wav,2.134,1,3,31.0,male,deu,0.85,0.8,5.0,a07,0,0.0,None,0.0,0.0,1,0,0,None,happiness
happiness/03a07Fb_0.png,03a07Fb.wav,0,data/emodb_2.0,EmoDB,wav,2.45,1,3,31.0,male,deu,0.95,0.7,5.0,a07,0,0.0,None,0.0,0.0,1,0,0,None,happiness
boredom/03a07La_0.png,03a07La.wav,0,data/emodb_2.0,EmoDB,wav,2.402,1,3,31.0,male,deu,0.95,0.8,5.0,a07,0,1.0,None,0.0,0.0,0,0,0,None,boredom
neutral/03a07Nc_0.png,03a07Nc.wav,0,data/emodb_2.0,EmoDB,wav,1.788,1,3,31.0,male,deu,1.0,1.0,5.0,a07,0,0.0,None,0.0,0.0,0,1,0,None,neutral
sadness/03a07Tc_0.png,03a07Tc.wav,0,data/emodb_2.0,EmoDB,wav,2.401,1,3,31.0,male,deu,0.75,0.6,5.0,a07,0,0.0,None,0.0,0.0,0,0,1,None,sadness
anger/03a07Wc_0.png,03a07Wc.wav,0,data/emodb_2.0,EmoDB,wav,2.088,1,3,31.0,male,deu,0.85,0.6,5.0,a07,1,0.0,None,0.0,0.0,0,0,0,None,anger
fear/03b01Ad_0.png,03b01Ad.wav,0,data/emodb_2.0,EmoDB,wav,2.599,1,3,31.0,male,deu,0.75,0.35,6.0,b01,0,0.0,None,0.0,1.0,0,0,0,None,fear
disgust/03b01Ed_0.png,03b01Ed.wav,0,data/emodb_2.0,EmoDB,wav,3.229,1,3,31.0,male,deu,0.85,0.4,6.0,b01,0,0.0,None,1.0,0.0,0,0,0,None,disgust
happiness/03b01Fa_0.png,03b01Fa.wav,0,data/emodb_2.0,EmoDB,wav,2.362,1,3,31.0,male,deu,0.8,0.6,6.0,b01,0,0.0,None,0.0,0.0,1,0,0,None,happiness
boredom/03b01Lb_0.png,03b01Lb.wav,0,data/emodb_2.0,EmoDB,wav,2.879,1,3,31.0,male,deu,0.85,0.65,6.0,b01,0,1.0,None,0.0,0.0,0,0,0,None,boredom
neutral/03b01Nb_0.png,03b01Nb.wav,0,data/emodb_2.0,EmoDB,wav,2.389,1,3,31.0,male,deu,0.95,0.85,6.0,b01,0,0.0,None,0.0,0.0,0,1,0,None,neutral
sadness/03b01Td_0.png,03b01Td.wav,0,data/emodb_2.0,EmoDB,wav,3.391,1,3,31.0,male,deu,0.9,0.55,6.0,b01,0,0.0,None,0.0,0.0,0,0,1,None,sadness
sadness/03b01Te_0.png,03b01Te.wav,0,data/emodb_2.0,EmoDB,wav,2.549,1,3,31.0,male,deu,0.6,0.5,6.0,b01,0,0.0,None,0.0,0.0,0,0,1,None,sadness
anger/03b01Wa_0.png,03b01Wa.wav,0,data/emodb_2.0,EmoDB,wav,2.18,1,3,31.0,male,deu,1.0,1.0,6.0,b01,1,0.0,None,0.0,0.0,0,0,0,None,anger
anger/03b01Wc_0.png,03b01Wc.wav,0,data/emodb_2.0,EmoDB,wav,2.929,1,3,31.0,male,deu,0.95,0.95,6.0,b01,1,0.0,None,0.0,0.0,0,0,0,None,anger
fear/03b02Aa_0.png,03b02Aa.wav,0,data/emodb_2.0,EmoDB,wav,3.085,1,3,31.0,male,deu,0.85,0.7,7.0,b02,0,0.0,None,0.0,1.0,0,0,0,None,fear
disgust/03b02Ed_0.png,03b02Ed.wav,0,data/emodb_2.0,EmoDB,wav,3.465,1,3,31.0,male,deu,0.75,0.25,7.0,b02,0,0.0,None,1.0,0.0,0,0,0,None,disgust
happiness/03b02Fc_0.png,03b02Fc.wav,0,data/emodb_2.0,EmoDB,wav,3.309,1,3,31.0,male,deu,0.7,0.55,7.0,b02,0,0.0,None,0.0,0.0,1,0,0,None,happiness
boredom/03b02La_0.png,03b02La.wav,0,data/emodb_2.0,EmoDB,wav,3.465,1,3,31.0,male,deu,0.95,0.8,7.0,b02,0,1.0,None,0.0,0.0,0,0,0,None,boredom
neutral/03b02Na_0.png,03b02Na.wav,0,data/emodb_2.0,EmoDB,wav,2.945,1,3,31.0,male,deu,1.0,0.95,7.0,b02,0,0.0,None,0.0,0.0,0,1,0,None,neutral
sadness/03b02Tb_0.png,03b02Tb.wav,0,data/emodb_2.0,EmoDB,wav,5.127,1,3,31.0,male,deu,0.8,0.55,7.0,b02,0,0.0,None,0.0,0.0,0,0,1,None,sadness
sadness/03b02Tb_1.png,03b02Tb.wav,1,data/emodb_2.0,EmoDB,wav,5.127,1,3,31.0,male,deu,0.8,0.55,7.0,b02,0,0.0,None,0.0,0.0,0,0,1,None,sadness
sadness/03b02Tc_0.png,03b02Tc.wav,0,data/emodb_2.0,EmoDB,wav,5.059,1,3,31.0,male,deu,0.9,0.5,7.0,b02,0,0.0,None,0.0,0.0,0,0,1,None,sadness
sadness/03b02Tc_1.png,03b02Tc.wav,1,data/emodb_2.0,EmoDB,wav,5.059,1,3,31.0,male,deu,0.9,0.5,7.0,b02,0,0.0,None,0.0,0.0,0,0,1,None,sadness
anger/03b02Wb_0.png,03b02Wb.wav,0,data/emodb_2.0,EmoDB,wav,3.184,1,3,31.0,male,deu,0.95,0.8,7.0,b02,1,0.0,None,0.0,0.0,0,0,0,None,anger
fear/03b03Aa_0.png,03b03Aa.wav,0,data/emodb_2.0,EmoDB,wav,3.533,1,3,31.0,male,deu,0.619,0.1905,8.0,b03,0,0.0,None,0.0,1.0,0,0,0,None,fear
fear/03b03Ab_0.png,03b03Ab.wav,0,data/emodb_2.0,EmoDB,wav,3.419,1,3,31.0,male,deu,0.7619,0.2380999999999999,8.0,b03,0,0.0,None,0.0,1.0,0,0,0,None,fear
disgust/03b03Ed_0.png,03b03Ed.wav,0,data/emodb_2.0,EmoDB,wav,4.167,1,3,31.0,male,deu,0.5714,0.1905,8.0,b03,0,0.0,None,1.0,0.0,0,0,0,None,disgust
disgust/03b03Ed_1.png,03b03Ed.wav,1,data/emodb_2.0,EmoDB,wav,4.167,1,3,31.0,male,deu,0.5714,0.1905,8.0,b03,0,0.0,None,1.0,0.0,0,0,0,None,disgust
happiness/03b03Fc_0.png,03b03Fc.wav,0,data/emodb_2.0,EmoDB,wav,4.142,1,3,31.0,male,deu,0.8571,0.381,8.0,b03,0,0.0,None,0.0,0.0,1,0,0,None,happiness
happiness/03b03Fc_1.png,03b03Fc.wav,1,data/emodb_2.0,EmoDB,wav,4.142,1,3,31.0,male,deu,0.8571,0.381,8.0,b03,0,0.0,None,0.0,0.0,1,0,0,None,happiness
boredom/03b03La_0.png,03b03La.wav,0,data/emodb_2.0,EmoDB,wav,4.717,1,3,31.0,male,deu,0.619,0.4286,8.0,b03,0,1.0,None,0.0,0.0,0,0,0,None,boredom
boredom/03b03La_1.png,03b03La.wav,1,data/emodb_2.0,EmoDB,wav,4.717,1,3,31.0,male,deu,0.619,0.4286,8.0,b03,0,1.0,None,0.0,0.0,0,0,0,None,boredom
neutral/03b03Nb_0.png,03b03Nb.wav,0,data/emodb_2.0,EmoDB,wav,3.644,1,3,31.0,male,deu,0.9524,0.8095,8.0,b03,0,0.0,None,0.0,0.0,0,1,0,None,neutral
sadness/03b03Ta_0.png,03b03Ta.wav,0,data/emodb_2.0,EmoDB,wav,3.736,1,3,31.0,male,deu,0.7619,0.5714,8.0,b03,0,0.0,None,0.0,0.0,0,0,1,None,sadness
sadness/03b03Tc_0.png,03b03Tc.wav,0,data/emodb_2.0,EmoDB,wav,5.299,1,3,31.0,male,deu,0.9524,0.8095,8.0,b03,0,0.0,None,0.0,0.0,0,0,1,None,sadness
sadness/03b03Tc_1.png,03b03Tc.wav,1,data/emodb_2.0,EmoDB,wav,5.299,1,3,31.0,male,deu,0.9524,0.8095,8.0,b03,0,0.0,None,0.0,0.0,0,0,1,None,sadness
anger/03b03Wc_0.png,03b03Wc.wav,0,data/emodb_2.0,EmoDB,wav,3.847,1,3,31.0,male,deu,0.9524,0.8571,8.0,b03,1,0.0,None,0.0,0.0,0,0,0,None,anger
fear/03b09Aa_0.png,03b09Aa.wav,0,data/emodb_2.0,EmoDB,wav,2.565,1,3,31.0,male,deu,0.55,0.25,9.0,b09,0,0.0,None,0.0,1.0,0,0,0,None,fear
disgust/03b09Ec_0.png,03b09Ec.wav,0,data/emodb_2.0,EmoDB,wav,2.741,1,3,31.0,male,deu,0.2,0.05,9.0,b09,0,0.0,None,1.0,0.0,0,0,0,None,disgust
happiness/03b09Fa_0.png,03b09Fa.wav,0,data/emodb_2.0,EmoDB,wav,2.981,1,3,31.0,male,deu,0.9,0.45,9.0,b09,0,0.0,None,0.0,0.0,1,0,0,None,happiness
boredom/03b09La_0.png,03b09La.wav,0,data/emodb_2.0,EmoDB,wav,3.113,1,3,31.0,male,deu,0.85,0.65,9.0,b09,0,1.0,None,0.0,0.0,0,0,0,None,boredom
neutral/03b09Nc_0.png,03b09Nc.wav,0,data/emodb_2.0,EmoDB,wav,2.589,1,3,31.0,male,deu,0.95,0.95,9.0,b09,0,0.0,None,0.0,0.0,0,1,0,None,neutral
sadness/03b09Tc_0.png,03b09Tc.wav,0,data/emodb_2.0,EmoDB,wav,3.947,1,3,31.0,male,deu,0.9,0.85,9.0,b09,0,0.0,None,0.0,0.0,0,0,1,None,sadness
anger/03b09Wa_0.png,03b09Wa.wav,0,data/emodb_2.0,EmoDB,wav,2.894,1,3,31.0,male,deu,0.95,0.9,9.0,b09,1,0.0,None,0.0,0.0,0,0,0,None,anger
fear/03b10Ab_0.png,03b10Ab.wav,0,data/emodb_2.0,EmoDB,wav,2.828,1,3,31.0,male,deu,0.95,0.6,10.0,b10,0,0.0,None,0.0,1.0,0,0,0,None,fear
disgust/03b10Ea_0.png,03b10Ea.wav,0,data/emodb_2.0,EmoDB,wav,2.449,1,3,31.0,male,deu,0.6,0.3,10.0,b10,0,0.0,None,1.0,0.0,0,0,0,None,disgust
disgust/03b10Ec_0.png,03b10Ec.wav,0,data/emodb_2.0,EmoDB,wav,3.202,1,3,31.0,male,deu,0.9,0.55,10.0,b10,0,0.0,None,1.0,0.0,0,0,0,None,disgust
happiness/03b10Fa_0.png,03b10Fa.wav,0,data/emodb_2.0,EmoDB,wav,2.467,1,3,31.0,male,deu,0.5,0.3,10.0,b10,0,0.0,None,0.0,0.0,1,0,0,None,happiness
boredom/03b10La_0.png,03b10La.wav,0,data/emodb_2.0,EmoDB,wav,2.871,1,3,31.0,male,deu,0.75,0.6,10.0,b10,0,1.0,None,0.0,0.0,0,0,0,None,boredom
neutral/03b10Na_0.png,03b10Na.wav,0,data/emodb_2.0,EmoDB,wav,2.256,1,3,31.0,male,deu,1.0,0.9,10.0,b10,0,0.0,None,0.0,0.0,0,1,0,None,neutral
neutral/03b10Nc_0.png,03b10Nc.wav,0,data/emodb_2.0,EmoDB,wav,2.218,1,3,31.0,male,deu,0.8,0.8,10.0,b10,0,0.0,None,0.0,0.0,0,1,0,None,neutral
sadness/03b10Td_0.png,03b10Td.wav,0,data/emodb_2.0,EmoDB,wav,2.459,1,3,31.0,male,deu,0.7,0.45,10.0,b10,0,0.0,None,0.0,0.0,0,0,1,None,sadness
anger/03b10Wb_0.png,03b10Wb.wav,0,data/emodb_2.0,EmoDB,wav,2.166,1,3,31.0,male,deu,0.95,0.9,10.0,b10,1,0.0,None,0.0,0.0,0,0,0,None,anger
anger/03b10Wc_0.png,03b10Wc.wav,0,data/emodb_2.0,EmoDB,wav,2.442,1,3,31.0,male,deu,1.0,0.9,10.0,b10,1,0.0,None,0.0,0.0,0,0,0,None,anger
fear/09a01Aa_0.png,09a01Aa.wav,0,data/emodb_2.0,EmoDB,wav,1.403,3,9,21.0,female,deu,0.55,0.25,1.0,a01,0,0.0,None,0.0,1.0,0,0,0,None,fear
disgust/09a01Ea_0.png,09a01Ea.wav,0,data/emodb_2.0,EmoDB,wav,2.621,3,9,21.0,female,deu,1.0,0.65,1.0,a01,0,0.0,None,1.0,0.0,0,0,0,None,disgust
happiness/09a01Fa_0.png,09a01Fa.wav,0,data/emodb_2.0,EmoDB,wav,1.831,3,9,21.0,female,deu,0.8,0.6,1.0,a01,0,0.0,None,0.0,0.0,1,0,0,None,happiness
boredom/09a01Lc_0.png,09a01Lc.wav,0,data/emodb_2.0,EmoDB,wav,1.558,3,9,21.0,female,deu,0.75,0.65,1.0,a01,0,1.0,None,0.0,0.0,0,0,0,None,boredom
neutral/09a01Nb_0.png,09a01Nb.wav,0,data/emodb_2.0,EmoDB,wav,1.683,3,9,21.0,female,deu,0.95,0.75,1.0,a01,0,0.0,None,0.0,0.0,0,1,0,None,neutral
sadness/09a01Tc_0.png,09a01Tc.wav,0,data/emodb_2.0,EmoDB,wav,2.404,3,9,21.0,female,deu,0.1,0.0,1.0,a01,0,0.0,None,0.0,0.0,0,0,1,None,sadness
anger/09a01Wb_0.png,09a01Wb.wav,0,data/emodb_2.0,EmoDB,wav,1.702,3,9,21.0,female,deu,1.0,0.85,1.0,a01,1,0.0,None,0.0,0.0,0,0,0,None,anger
fear/09a02Ac_0.png,09a02Ac.wav,0,data/emodb_2.0,EmoDB,wav,1.386,3,9,21.0,female,deu,0.7,0.35,2.0,a02,0,0.0,None,0.0,1.0,0,0,0,None,fear
disgust/09a02Ea_0.png,09a02Ea.wav,0,data/emodb_2.0,EmoDB,wav,2.435,3,9,21.0,female,deu,1.0,0.75,2.0,a02,0,0.0,None,1.0,0.0,0,0,0,None,disgust
disgust/09a02Eb_0.png,09a02Eb.wav,0,data/emodb_2.0,EmoDB,wav,1.524,3,9,21.0,female,deu,0.85,0.5,2.0,a02,0,0.0,None,1.0,0.0,0,0,0,None,disgust
happiness/09a02Fa_0.png,09a02Fa.wav,0,data/emodb_2.0,EmoDB,wav,1.698,3,9,21.0,female,deu,0.7,0.5,2.0,a02,0,0.0,None,0.0,0.0,1,0,0,None,happiness
boredom/09a02La_0.png,09a02La.wav,0,data/emodb_2.0,EmoDB,wav,1.52,3,9,21.0,female,deu,1.0,0.9,2.0,a02,0,1.0,None,0.0,0.0,0,0,0,None,boredom
neutral/09a02Nc_0.png,09a02Nc.wav,0,data/emodb_2.0,EmoDB,wav,1.391,3,9,21.0,female,deu,0.7,0.45,2.0,a02,0,0.0,None,0.0,0.0,0,1,0,None,neutral
sadness/09a02Ta_0.png,09a02Ta.wav,0,data/emodb_2.0,EmoDB,wav,1.928,3,9,21.0,female,deu,0.35,0.0,2.0,a02,0,0.0,None,0.0,0.0,0,0,1,None,sadness
sadness/09a02Tb_0.png,09a02Tb.wav,0,data/emodb_2.0,EmoDB,wav,2.123,3,9,21.0,female,deu,0.7,0.2,2.0,a02,0,0.0,None,0.0,0.0,0,0,1,None,sadness
anger/09a02Wb_0.png,09a02Wb.wav,0,data/emodb_2.0,EmoDB,wav,1.655,3,9,21.0,female,deu,1.0,0.85,2.0,a02,1,0.0,None,0.0,0.0,0,0,0,None,anger
fear/09a04Ab_0.png,09a04Ab.wav,0,data/emodb_2.0,EmoDB,wav,1.213,3,9,21.0,female,deu,0.9,0.4,3.0,a04,0,0.0,None,0.0,1.0,0,0,0,None,fear
disgust/09a04Ea_0.png,09a04Ea.wav,0,data/emodb_2.0,EmoDB,wav,3.627,3,9,21.0,female,deu,0.9,0.55,3.0,a04,0,0.0,None,1.0,0.0,0,0,0,None,disgust
happiness/09a04Fd_0.png,09a04Fd.wav,0,data/emodb_2.0,EmoDB,wav,1.481,3,9,21.0,female,deu,1.0,0.8,3.0,a04,0,0.0,None,0.0,0.0,1,0,0,None,happiness
boredom/09a04La_0.png,09a04La.wav,0,data/emodb_2.0,EmoDB,wav,1.528,3,9,21.0,female,deu,1.0,1.0,3.0,a04,0,1.0,None,0.0,0.0,0,0,0,None,boredom
neutral/09a04Nb_0.png,09a04Nb.wav,0,data/emodb_2.0,EmoDB,wav,1.768,3,9,21.0,female,deu,0.95,0.9,3.0,a04,0,0.0,None,0.0,0.0,0,1,0,None,neutral
sadness/09a04Ta_0.png,09a04Ta.wav,0,data/emodb_2.0,EmoDB,wav,2.037,3,9,21.0,female,deu,0.45,0.15,3.0,a04,0,0.0,None,0.0,0.0,0,0,1,None,sadness
anger/09a04Wa_0.png,09a04Wa.wav,0,data/emodb_2.0,EmoDB,wav,1.837,3,9,21.0,female,deu,1.0,0.75,3.0,a04,1,0.0,None,0.0,0.0,0,0,0,None,anger
fear/09a05Aa_0.png,09a05Aa.wav,0,data/emodb_2.0,EmoDB,wav,2.659,3,9,21.0,female,deu,0.95,0.55,4.0,a05,0,0.0,None,0.0,1.0,0,0,0,None,fear
disgust/09a05Ed_0.png,09a05Ed.wav,0,data/emodb_2.0,EmoDB,wav,5.157,3,9,21.0,female,deu,1.0,0.8,4.0,a05,0,0.0,None,1.0,0.0,0,0,0,None,disgust
disgust/09a05Ed_1.png,09a05Ed.wav,1,data/emodb_2.0,EmoDB,wav,5.157,3,9,21.0,female,deu,1.0,0.8,4.0,a05,0,0.0,None,1.0,0.0,0,0,0,None,disgust
happiness/09a05Fa_0.png,09a05Fa.wav,0,data/emodb_2.0,EmoDB,wav,2.784,3,9,21.0,female,deu,0.45,0.05,4.0,a05,0,0.0,None,0.0,0.0,1,0,0,None,happiness
boredom/09a05Lc_0.png,09a05Lc.wav,0,data/emodb_2.0,EmoDB,wav,3.367,3,9,21.0,female,deu,0.85,0.65,4.0,a05,0,1.0,None,0.0,0.0,0,0,0,None,boredom
neutral/09a05Nb_0.png,09a05Nb.wav,0,data/emodb_2.0,EmoDB,wav,3.078,3,9,21.0,female,deu,1.0,1.0,4.0,a05,0,0.0,None,0.0,0.0,0,1,0,None,neutral
sadness/09a05Tb_0.png,09a05Tb.wav,0,data/emodb_2.0,EmoDB,wav,3.909,3,9,21.0,female,deu,0.85,0.55,4.0,a05,0,0.0,None,0.0,0.0,0,0,1,None,sadness
anger/09a05Wb_0.png,09a05Wb.wav,0,data/emodb_2.0,EmoDB,wav,3.4,3,9,21.0,female,deu,1.0,0.95,4.0,a05,1,0.0,None,0.0,0.0,0,0,0,None,anger
anger/09a05Wc_0.png,09a05Wc.wav,0,data/emodb_2.0,EmoDB,wav,3.185,3,9,21.0,female,deu,0.95,0.9,4.0,a05,1,0.0,None,0.0,0.0,0,0,0,None,anger
fear/09a07Aa_0.png,09a07Aa.wav,0,data/emodb_2.0,EmoDB,wav,1.347,3,9,21.0,female,deu,0.9,0.55,5.0,a07,0,0.0,None,0.0,1.0,0,0,0,None,fear
disgust/09a07Eb_0.png,09a07Eb.wav,0,data/emodb_2.0,EmoDB,wav,3.346,3,9,21.0,female,deu,0.95,0.6,5.0,a07,0,0.0,None,1.0,0.0,0,0,0,None,disgust
happiness/09a07Fd_0.png,09a07Fd.wav,0,data/emodb_2.0,EmoDB,wav,1.756,3,9,21.0,female,deu,0.7,0.2,5.0,a07,0,0.0,None,0.0,0.0,1,0,0,None,happiness
boredom/09a07Lc_0.png,09a07Lc.wav,0,data/emodb_2.0,EmoDB,wav,2.016,3,9,21.0,female,deu,0.7,0.45,5.0,a07,0,1.0,None,0.0,0.0,0,0,0,None,boredom
neutral/09a07Na_0.png,09a07Na.wav,0,data/emodb_2.0,EmoDB,wav,1.836,3,9,21.0,female,deu,0.95,0.85,5.0,a07,0,0.0,None,0.0,0.0,0,1,0,None,neutral
sadness/09a07Ta_0.png,09a07Ta.wav,0,data/emodb_2.0,EmoDB,wav,1.994,3,9,21.0,female,deu,0.85,0.6,5.0,a07,0,0.0,None,0.0,0.0,0,0,1,None,sadness
anger/09a07Wb_0.png,09a07Wb.wav,0,data/emodb_2.0,EmoDB,wav,1.988,3,9,21.0,female,deu,1.0,1.0,5.0,a07,1,0.0,None,0.0,0.0,0,0,0,None,anger
anger/09a07Wd_0.png,09a07Wd.wav,0,data/emodb_2.0,EmoDB,wav,2.319,3,9,21.0,female,deu,1.0,0.75,5.0,a07,1,0.0,None,0.0,0.0,0,0,0,None,anger
fear/09b01Aa_0.png,09b01Aa.wav,0,data/emodb_2.0,EmoDB,wav,1.783,3,9,21.0,female,deu,0.6,0.3,6.0,b01,0,0.0,None,0.0,1.0,0,0,0,None,fear
fear/09b01Ad_0.png,09b01Ad.wav,0,data/emodb_2.0,EmoDB,wav,1.96,3,9,21.0,female,deu,0.45,0.3,6.0,b01,0,0.0,None,0.0,1.0,0,0,0,None,fear
disgust/09b01Ea_0.png,09b01Ea.wav,0,data/emodb_2.0,EmoDB,wav,3.732,3,9,21.0,female,deu,1.0,0.85,6.0,b01,0,0.0,None,1.0,0.0,0,0,0,None,disgust
happiness/09b01Fd_0.png,09b01Fd.wav,0,data/emodb_2.0,EmoDB,wav,2.199,3,9,21.0,female,deu,0.65,0.2,6.0,b01,0,0.0,None,0.0,0.0,1,0,0,None,happiness
boredom/09b01Lb_0.png,09b01Lb.wav,0,data/emodb_2.0,EmoDB,wav,2.774,3,9,21.0,female,deu,0.75,0.5,6.0,b01,0,1.0,None,0.0,0.0,0,0,0,None,boredom
neutral/09b01Na_0.png,09b01Na.wav,0,data/emodb_2.0,EmoDB,wav,2.466,3,9,21.0,female,deu,0.9,0.8,6.0,b01,0,0.0,None,0.0,0.0,0,1,0,None,neutral
sadness/09b01Td_0.png,09b01Td.wav,0,data/emodb_2.0,EmoDB,wav,2.822,3,9,21.0,female,deu,0.65,0.3,6.0,b01,0,0.0,None,0.0,0.0,0,0,1,None,sadness
anger/09b01Wb_0.png,09b01Wb.wav,0,data/emodb_2.0,EmoDB,wav,2.157,3,9,21.0,female,deu,0.95,0.9,6.0,b01,1,0.0,None,0.0,0.0,0,0,0,None,anger
fear/09b02Ad_0.png,09b02Ad.wav,0,data/emodb_2.0,EmoDB,wav,2.237,3,9,21.0,female,deu,0.75,0.3,7.0,b02,0,0.0,None,0.0,1.0,0,0,0,None,fear
disgust/09b02Ed_0.png,09b02Ed.wav,0,data/emodb_2.0,EmoDB,wav,2.707,3,9,21.0,female,deu,0.5,0.05,7.0,b02,0,0.0,None,1.0,0.0,0,0,0,None,disgust
happiness/09b02Fb_0.png,09b02Fb.wav,0,data/emodb_2.0,EmoDB,wav,2.671,3,9,21.0,female,deu,0.85,0.45,7.0,b02,0,0.0,None,0.0,0.0,1,0,0,None,happiness
boredom/09b02La_0.png,09b02La.wav,0,data/emodb_2.0,EmoDB,wav,3.17,3,9,21.0,female,deu,0.7,0.4,7.0,b02,0,1.0,None,0.0,0.0,0,0,0,None,boredom
neutral/09b02Na_0.png,09b02Na.wav,0,data/emodb_2.0,EmoDB,wav,2.7,3,9,21.0,female,deu,1.0,0.9,7.0,b02,0,0.0,None,0.0,0.0,0,1,0,None,neutral
sadness/09b02Tb_0.png,09b02Tb.wav,0,data/emodb_2.0,EmoDB,wav,3.655,3,9,21.0,female,deu,0.8,0.5,7.0,b02,0,0.0,None,0.0,0.0,0,0,1,None,sadness
anger/09b02Wc_0.png,09b02Wc.wav,0,data/emodb_2.0,EmoDB,wav,2.724,3,9,21.0,female,deu,0.9,0.65,7.0,b02,1,0.0,None,0.0,0.0,0,0,0,None,anger
anger/09b02Wd_0.png,09b02Wd.wav,0,data/emodb_2.0,EmoDB,wav,2.621,3,9,21.0,female,deu,0.95,0.8,7.0,b02,1,0.0,None,0.0,0.0,0,0,0,None,anger
fear/09b03Aa_0.png,09b03Aa.wav,0,data/emodb_2.0,EmoDB,wav,2.468,3,9,21.0,female,deu,0.9048,0.3333,8.0,b03,0,0.0,None,0.0,1.0,0,0,0,None,fear
disgust/09b03Ed_0.png,09b03Ed.wav,0,data/emodb_2.0,EmoDB,wav,5.065,3,9,21.0,female,deu,1.0,0.6667000000000001,8.0,b03,0,0.0,None,1.0,0.0,0,0,0,None,disgust
disgust/09b03Ed_1.png,09b03Ed.wav,1,data/emodb_2.0,EmoDB,wav,5.065,3,9,21.0,female,deu,1.0,0.6667000000000001,8.0,b03,0,0.0,None,1.0,0.0,0,0,0,None,disgust
happiness/09b03Fa_0.png,09b03Fa.wav,0,data/emodb_2.0,EmoDB,wav,3.142,3,9,21.0,female,deu,0.9048,0.619,8.0,b03,0,0.0,None,0.0,0.0,1,0,0,None,happiness
happiness/09b03Fd_0.png,09b03Fd.wav,0,data/emodb_2.0,EmoDB,wav,3.312,3,9,21.0,female,deu,0.9048,0.5714,8.0,b03,0,0.0,None,0.0,0.0,1,0,0,None,happiness
boredom/09b03Lb_0.png,09b03Lb.wav,0,data/emodb_2.0,EmoDB,wav,3.918,3,9,21.0,female,deu,0.9048,0.8095,8.0,b03,0,1.0,None,0.0,0.0,0,0,0,None,boredom
neutral/09b03Nb_0.png,09b03Nb.wav,0,data/emodb_2.0,EmoDB,wav,3.819,3,9,21.0,female,deu,0.9524,0.8095,8.0,b03,0,0.0,None,0.0,0.0,0,1,0,None,neutral
sadness/09b03Ta_0.png,09b03Ta.wav,0,data/emodb_2.0,EmoDB,wav,4.093,3,9,21.0,female,deu,0.8095,0.6667000000000001,8.0,b03,0,0.0,None,0.0,0.0,0,0,1,None,sadness
sadness/09b03Ta_1.png,09b03Ta.wav,1,data/emodb_2.0,EmoDB,wav,4.093,3,9,21.0,female,deu,0.8095,0.6667000000000001,8.0,b03,0,0.0,None,0.0,0.0,0,0,1,None,sadness
anger/09b03Wb_0.png,09b03Wb.wav,0,data/emodb_2.0,EmoDB,wav,3.695,3,9,21.0,female,deu,1.0,0.8571,8.0,b03,1,0.0,None,0.0,0.0,0,0,0,None,anger
fear/09b09Ab_0.png,09b09Ab.wav,0,data/emodb_2.0,EmoDB,wav,1.983,3,9,21.0,female,deu,0.6,0.25,9.0,b09,0,0.0,None,0.0,1.0,0,0,0,None,fear
fear/09b09Ad_0.png,09b09Ad.wav,0,data/emodb_2.0,EmoDB,wav,2.061,3,9,21.0,female,deu,0.8,0.3,9.0,b09,0,0.0,None,0.0,1.0,0,0,0,None,fear
disgust/09b09Ea_0.png,09b09Ea.wav,0,data/emodb_2.0,EmoDB,wav,3.794,3,9,21.0,female,deu,0.9,0.6,9.0,b09,0,0.0,None,1.0,0.0,0,0,0,None,disgust
happiness/09b09Fb_0.png,09b09Fb.wav,0,data/emodb_2.0,EmoDB,wav,2.432,3,9,21.0,female,deu,0.6,0.2,9.0,b09,0,0.0,None,0.0,0.0,1,0,0,None,happiness
happiness/09b09Fd_0.png,09b09Fd.wav,0,data/emodb_2.0,EmoDB,wav,2.263,3,9,21.0,female,deu,0.55,0.25,9.0,b09,0,0.0,None,0.0,0.0,1,0,0,None,happiness
boredom/09b09Lb_0.png,09b09Lb.wav,0,data/emodb_2.0,EmoDB,wav,2.522,3,9,21.0,female,deu,0.4,0.35,9.0,b09,0,1.0,None,0.0,0.0,0,0,0,None,boredom
neutral/09b09Nd_0.png,09b09Nd.wav,0,data/emodb_2.0,EmoDB,wav,2.714,3,9,21.0,female,deu,0.85,0.75,9.0,b09,0,0.0,None,0.0,0.0,0,1,0,None,neutral
sadness/09b09Tb_0.png,09b09Tb.wav,0,data/emodb_2.0,EmoDB,wav,2.972,3,9,21.0,female,deu,0.6,0.4,9.0,b09,0,0.0,None,0.0,0.0,0,0,1,None,sadness
sadness/09b09Td_0.png,09b09Td.wav,0,data/emodb_2.0,EmoDB,wav,2.931,3,9,21.0,female,deu,0.75,0.65,9.0,b09,0,0.0,None,0.0,0.0,0,0,1,None,sadness
anger/09b09Wa_0.png,09b09Wa.wav,0,data/emodb_2.0,EmoDB,wav,2.622,3,9,21.0,female,deu,0.95,0.75,9.0,b09,1,0.0,None,0.0,0.0,0,0,0,None,anger
fear/09b10Aa_0.png,09b10Aa.wav,0,data/emodb_2.0,EmoDB,wav,1.656,3,9,21.0,female,deu,0.85,0.65,10.0,b10,0,0.0,None,0.0,1.0,0,0,0,None,fear
disgust/09b10Ea_0.png,09b10Ea.wav,0,data/emodb_2.0,EmoDB,wav,2.742,3,9,21.0,female,deu,0.9,0.45,10.0,b10,0,0.0,None,1.0,0.0,0,0,0,None,disgust
happiness/09b10Fb_0.png,09b10Fb.wav,0,data/emodb_2.0,EmoDB,wav,2.254,3,9,21.0,female,deu,0.55,0.15,10.0,b10,0,0.0,None,0.0,0.0,1,0,0,None,happiness
boredom/09b10La_0.png,09b10La.wav,0,data/emodb_2.0,EmoDB,wav,2.136,3,9,21.0,female,deu,0.2,0.2,10.0,b10,0,1.0,None,0.0,0.0,0,0,0,None,boredom
neutral/09b10Nd_0.png,09b10Nd.wav,0,data/emodb_2.0,EmoDB,wav,2.236,3,9,21.0,female,deu,0.95,0.8,10.0,b10,0,0.0,None,0.0,0.0,0,1,0,None,neutral
sadness/09b10Ta_0.png,09b10Ta.wav,0,data/emodb_2.0,EmoDB,wav,2.497,3,9,21.0,female,deu,0.65,0.45,10.0,b10,0,0.0,None,0.0,0.0,0,0,1,None,sadness
anger/09b10Wa_0.png,09b10Wa.wav,0,data/emodb_2.0,EmoDB,wav,2.207,3,9,21.0,female,deu,1.0,0.9,10.0,b10,1,0.0,None,0.0,0.0,0,0,0,None,anger
fear/10a01Ac_0.png,10a01Ac.wav,0,data/emodb_2.0,EmoDB,wav,1.679,4,10,32.0,male,deu,0.9,0.55,1.0,a01,0,0.0,None,0.0,1.0,0,0,0,None,fear
disgust/10a01Eb_0.png,10a01Eb.wav,0,data/emodb_2.0,EmoDB,wav,2.029,4,10,32.0,male,deu,0.65,0.15,1.0,a01,0,0.0,None,1.0,0.0,0,0,0,None,disgust
happiness/10a01Fb_0.png,10a01Fb.wav,0,data/emodb_2.0,EmoDB,wav,1.778,4,10,32.0,male,deu,0.95,0.5,1.0,a01,0,0.0,None,0.0,0.0,1,0,0,None,happiness
boredom/10a01Lb_0.png,10a01Lb.wav,0,data/emodb_2.0,EmoDB,wav,1.393,4,10,32.0,male,deu,0.75,0.65,1.0,a01,0,1.0,None,0.0,0.0,0,0,0,None,boredom
boredom/10a01Lc_0.png,10a01Lc.wav,0,data/emodb_2.0,EmoDB,wav,1.592,4,10,32.0,male,deu,0.7,0.55,1.0,a01,0,1.0,None,0.0,0.0,0,0,0,None,boredom
neutral/10a01Nb_0.png,10a01Nb.wav,0,data/emodb_2.0,EmoDB,wav,1.807,4,10,32.0,male,deu,0.9,0.85,1.0,a01,0,0.0,None,0.0,0.0,0,1,0,None,neutral
sadness/10a01Tb_0.png,10a01Tb.wav,0,data/emodb_2.0,EmoDB,wav,1.866,4,10,32.0,male,deu,0.35,0.15,1.0,a01,0,0.0,None,0.0,0.0,0,0,1,None,sadness
sadness/10a01Td_0.png,10a01Td.wav,0,data/emodb_2.0,EmoDB,wav,1.733,4,10,32.0,male,deu,0.75,0.6,1.0,a01,0,0.0,None,0.0,0.0,0,0,1,None,sadness
anger/10a01Wa_0.png,10a01Wa.wav,0,data/emodb_2.0,EmoDB,wav,2.17,4,10,32.0,male,deu,0.95,0.6,1.0,a01,1,0.0,None,0.0,0.0,0,0,0,None,anger
fear/10a02Ab_0.png,10a02Ab.wav,0,data/emodb_2.0,EmoDB,wav,1.608,4,10,32.0,male,deu,0.85,0.65,2.0,a02,0,0.0,None,0.0,1.0,0,0,0,None,fear
disgust/10a02Ed_0.png,10a02Ed.wav,0,data/emodb_2.0,EmoDB,wav,2.272,4,10,32.0,male,deu,0.35,0.2,2.0,a02,0,0.0,None,1.0,0.0,0,0,0,None,disgust
happiness/10a02Fa_0.png,10a02Fa.wav,0,data/emodb_2.0,EmoDB,wav,1.524,4,10,32.0,male,deu,0.8,0.45,2.0,a02,0,0.0,None,0.0,0.0,1,0,0,None,happiness
boredom/10a02Lb_0.png,10a02Lb.wav,0,data/emodb_2.0,EmoDB,wav,1.593,4,10,32.0,male,deu,0.9,0.9,2.0,a02,0,1.0,None,0.0,0.0,0,0,0,None,boredom
neutral/10a02Na_0.png,10a02Na.wav,0,data/emodb_2.0,EmoDB,wav,1.659,4,10,32.0,male,deu,0.9,0.85,2.0,a02,0,0.0,None,0.0,0.0,0,1,0,None,neutral
sadness/10a02Ta_0.png,10a02Ta.wav,0,data/emodb_2.0,EmoDB,wav,1.555,4,10,32.0,male,deu,0.45,0.3,2.0,a02,0,0.0,None,0.0,0.0,0,0,1,None,sadness
sadness/10a02Tb_0.png,10a02Tb.wav,0,data/emodb_2.0,EmoDB,wav,1.476,4,10,32.0,male,deu,0.7,0.45,2.0,a02,0,0.0,None,0.0,0.0,0,0,1,None,sadness
anger/10a02Wa_0.png,10a02Wa.wav,0,data/emodb_2.0,EmoDB,wav,2.103,4,10,32.0,male,deu,1.0,0.8,2.0,a02,1,0.0,None,0.0,0.0,0,0,0,None,anger
fear/10a04Ab_0.png,10a04Ab.wav,0,data/emodb_2.0,EmoDB,wav,1.526,4,10,32.0,male,deu,0.4,0.15,3.0,a04,0,0.0,None,0.0,1.0,0,0,0,None,fear
disgust/10a04Eb_0.png,10a04Eb.wav,0,data/emodb_2.0,EmoDB,wav,1.776,4,10,32.0,male,deu,0.8,0.2,3.0,a04,0,0.0,None,1.0,0.0,0,0,0,None,disgust
happiness/10a04Fd_0.png,10a04Fd.wav,0,data/emodb_2.0,EmoDB,wav,1.537,4,10,32.0,male,deu,0.8,0.55,3.0,a04,0,0.0,None,0.0,0.0,1,0,0,None,happiness
boredom/10a04Ld_0.png,10a04Ld.wav,0,data/emodb_2.0,EmoDB,wav,1.755,4,10,32.0,male,deu,0.65,0.55,3.0,a04,0,1.0,None,0.0,0.0,0,0,0,None,boredom
neutral/10a04Nb_0.png,10a04Nb.wav,0,data/emodb_2.0,EmoDB,wav,2.05,4,10,32.0,male,deu,0.9,0.65,3.0,a04,0,0.0,None,0.0,0.0,0,1,0,None,neutral
sadness/10a04Tb_0.png,10a04Tb.wav,0,data/emodb_2.0,EmoDB,wav,1.901,4,10,32.0,male,deu,0.65,0.45,3.0,a04,0,0.0,None,0.0,0.0,0,0,1,None,sadness
anger/10a04Wa_0.png,10a04Wa.wav,0,data/emodb_2.0,EmoDB,wav,2.853,4,10,32.0,male,deu,1.0,0.8,3.0,a04,1,0.0,None,0.0,0.0,0,0,0,None,anger
anger/10a04Wb_0.png,10a04Wb.wav,0,data/emodb_2.0,EmoDB,wav,1.811,4,10,32.0,male,deu,1.0,0.85,3.0,a04,1,0.0,None,0.0,0.0,0,0,0,None,anger
fear/10a05Aa_0.png,10a05Aa.wav,0,data/emodb_2.0,EmoDB,wav,2.604,4,10,32.0,male,deu,0.9,0.55,4.0,a05,0,0.0,None,0.0,1.0,0,0,0,None,fear
disgust/10a05Eb_0.png,10a05Eb.wav,0,data/emodb_2.0,EmoDB,wav,3.628,4,10,32.0,male,deu,0.85,0.4,4.0,a05,0,0.0,None,1.0,0.0,0,0,0,None,disgust
happiness/10a05Fa_0.png,10a05Fa.wav,0,data/emodb_2.0,EmoDB,wav,2.828,4,10,32.0,male,deu,0.7,0.45,4.0,a05,0,0.0,None,0.0,0.0,1,0,0,None,happiness
boredom/10a05Ld_0.png,10a05Ld.wav,0,data/emodb_2.0,EmoDB,wav,3.296,4,10,32.0,male,deu,1.0,0.8,4.0,a05,0,1.0,None,0.0,0.0,0,0,0,None,boredom
neutral/10a05Na_0.png,10a05Na.wav,0,data/emodb_2.0,EmoDB,wav,3.52,4,10,32.0,male,deu,0.9,0.45,4.0,a05,0,0.0,None,0.0,0.0,0,1,0,None,neutral
sadness/10a05Tb_0.png,10a05Tb.wav,0,data/emodb_2.0,EmoDB,wav,3.334,4,10,32.0,male,deu,0.8,0.45,4.0,a05,0,0.0,None,0.0,0.0,0,0,1,None,sadness
anger/10a05Wb_0.png,10a05Wb.wav,0,data/emodb_2.0,EmoDB,wav,3.752,4,10,32.0,male,deu,1.0,0.7,4.0,a05,1,0.0,None,0.0,0.0,0,0,0,None,anger
fear/10a07Aa_0.png,10a07Aa.wav,0,data/emodb_2.0,EmoDB,wav,1.596,4,10,32.0,male,deu,0.9,0.7,5.0,a07,0,0.0,None,0.0,1.0,0,0,0,None,fear
fear/10a07Ad_0.png,10a07Ad.wav,0,data/emodb_2.0,EmoDB,wav,1.603,4,10,32.0,male,deu,0.85,0.55,5.0,a07,0,0.0,None,0.0,1.0,0,0,0,None,fear
disgust/10a07Eb_0.png,10a07Eb.wav,0,data/emodb_2.0,EmoDB,wav,2.194,4,10,32.0,male,deu,0.9,0.45,5.0,a07,0,0.0,None,1.0,0.0,0,0,0,None,disgust
happiness/10a07Fb_0.png,10a07Fb.wav,0,data/emodb_2.0,EmoDB,wav,1.878,4,10,32.0,male,deu,0.75,0.35,5.0,a07,0,0.0,None,0.0,0.0,1,0,0,None,happiness
boredom/10a07La_0.png,10a07La.wav,0,data/emodb_2.0,EmoDB,wav,1.99,4,10,32.0,male,deu,0.95,0.9,5.0,a07,0,1.0,None,0.0,0.0,0,0,0,None,boredom
neutral/10a07Nb_0.png,10a07Nb.wav,0,data/emodb_2.0,EmoDB,wav,1.949,4,10,32.0,male,deu,0.6,0.3,5.0,a07,0,0.0,None,0.0,0.0,0,1,0,None,neutral
sadness/10a07Ta_0.png,10a07Ta.wav,0,data/emodb_2.0,EmoDB,wav,1.956,4,10,32.0,male,deu,0.85,0.6,5.0,a07,0,0.0,None,0.0,0.0,0,0,1,None,sadness
anger/10a07Wb_0.png,10a07Wb.wav,0,data/emodb_2.0,EmoDB,wav,1.973,4,10,32.0,male,deu,0.95,0.9,5.0,a07,1,0.0,None,0.0,0.0,0,0,0,None,anger
fear/10b01Aa_0.png,10b01Aa.wav,0,data/emodb_2.0,EmoDB,wav,2.088,4,10,32.0,male,deu,0.9,0.7,6.0,b01,0,0.0,None,0.0,1.0,0,0,0,None,fear
disgust/10b01Ea_0.png,10b01Ea.wav,0,data/emodb_2.0,EmoDB,wav,2.39,4,10,32.0,male,deu,0.9,0.7,6.0,b01,0,0.0,None,1.0,0.0,0,0,0,None,disgust
happiness/10b01Fa_0.png,10b01Fa.wav,0,data/emodb_2.0,EmoDB,wav,2.433,4,10,32.0,male,deu,0.95,0.65,6.0,b01,0,0.0,None,0.0,0.0,1,0,0,None,happiness
boredom/10b01Lb_0.png,10b01Lb.wav,0,data/emodb_2.0,EmoDB,wav,2.057,4,10,32.0,male,deu,0.9,0.85,6.0,b01,0,1.0,None,0.0,0.0,0,0,0,None,boredom
neutral/10b01Na_0.png,10b01Na.wav,0,data/emodb_2.0,EmoDB,wav,2.241,4,10,32.0,male,deu,0.45,0.2,6.0,b01,0,0.0,None,0.0,0.0,0,1,0,None,neutral
neutral/10b01Nb_0.png,10b01Nb.wav,0,data/emodb_2.0,EmoDB,wav,2.605,4,10,32.0,male,deu,0.35,0.15,6.0,b01,0,0.0,None,0.0,0.0,0,1,0,None,neutral
sadness/10b01Ta_0.png,10b01Ta.wav,0,data/emodb_2.0,EmoDB,wav,2.738,4,10,32.0,male,deu,0.7,0.35,6.0,b01,0,0.0,None,0.0,0.0,0,0,1,None,sadness
sadness/10b01Tb_0.png,10b01Tb.wav,0,data/emodb_2.0,EmoDB,wav,2.317,4,10,32.0,male,deu,0.5,0.2,6.0,b01,0,0.0,None,0.0,0.0,0,0,1,None,sadness
anger/10b01Wb_0.png,10b01Wb.wav,0,data/emodb_2.0,EmoDB,wav,2.49,4,10,32.0,male,deu,1.0,0.55,6.0,b01,1,0.0,None,0.0,0.0,0,0,0,None,anger
fear/10b02Aa_0.png,10b02Aa.wav,0,data/emodb_2.0,EmoDB,wav,2.462,4,10,32.0,male,deu,1.0,0.6,7.0,b02,0,0.0,None,0.0,1.0,0,0,0,None,fear
disgust/10b02Ea_0.png,10b02Ea.wav,0,data/emodb_2.0,EmoDB,wav,2.83,4,10,32.0,male,deu,0.75,0.5,7.0,b02,0,0.0,None,1.0,0.0,0,0,0,None,disgust
happiness/10b02Fa_0.png,10b02Fa.wav,0,data/emodb_2.0,EmoDB,wav,2.598,4,10,32.0,male,deu,0.6,0.15,7.0,b02,0,0.0,None,0.0,0.0,1,0,0,None,happiness
boredom/10b02La_0.png,10b02La.wav,0,data/emodb_2.0,EmoDB,wav,2.691,4,10,32.0,male,deu,0.95,0.8,7.0,b02,0,1.0,None,0.0,0.0,0,0,0,None,boredom
neutral/10b02Na_0.png,10b02Na.wav,0,data/emodb_2.0,EmoDB,wav,2.722,4,10,32.0,male,deu,0.8,0.65,7.0,b02,0,0.0,None,0.0,0.0,0,1,0,None,neutral
sadness/10b02Ta_0.png,10b02Ta.wav,0,data/emodb_2.0,EmoDB,wav,3.258,4,10,32.0,male,deu,0.65,0.4,7.0,b02,0,0.0,None,0.0,0.0,0,0,1,None,sadness
sadness/10b02Tb_0.png,10b02Tb.wav,0,data/emodb_2.0,EmoDB,wav,2.757,4,10,32.0,male,deu,0.6,0.25,7.0,b02,0,0.0,None,0.0,0.0,0,0,1,None,sadness
anger/10b02Wb_0.png,10b02Wb.wav,0,data/emodb_2.0,EmoDB,wav,2.868,4,10,32.0,male,deu,0.95,0.75,7.0,b02,1,0.0,None,0.0,0.0,0,0,0,None,anger
fear/10b03Aa_0.png,10b03Aa.wav,0,data/emodb_2.0,EmoDB,wav,2.761,4,10,32.0,male,deu,0.9524,0.2857,8.0,b03,0,0.0,None,0.0,1.0,0,0,0,None,fear
fear/10b03Ab_0.png,10b03Ab.wav,0,data/emodb_2.0,EmoDB,wav,2.677,4,10,32.0,male,deu,0.6667000000000001,0.0951999999999999,8.0,b03,0,0.0,None,0.0,1.0,0,0,0,None,fear
disgust/10b03Ea_0.png,10b03Ea.wav,0,data/emodb_2.0,EmoDB,wav,3.626,4,10,32.0,male,deu,0.5238,0.1905,8.0,b03,0,0.0,None,1.0,0.0,0,0,0,None,disgust
happiness/10b03Fd_0.png,10b03Fd.wav,0,data/emodb_2.0,EmoDB,wav,3.364,4,10,32.0,male,deu,0.9048,0.5714,8.0,b03,0,0.0,None,0.0,0.0,1,0,0,None,happiness
boredom/10b03La_0.png,10b03La.wav,0,data/emodb_2.0,EmoDB,wav,3.829,4,10,32.0,male,deu,1.0,0.7619,8.0,b03,0,1.0,None,0.0,0.0,0,0,0,None,boredom
neutral/10b03Na_0.png,10b03Na.wav,0,data/emodb_2.0,EmoDB,wav,3.601,4,10,32.0,male,deu,0.619,0.4761999999999999,8.0,b03,0,0.0,None,0.0,0.0,0,1,0,None,neutral
sadness/10b03Tb_0.png,10b03Tb.wav,0,data/emodb_2.0,EmoDB,wav,3.756,4,10,32.0,male,deu,0.8571,0.619,8.0,b03,0,0.0,None,0.0,0.0,0,0,1,None,sadness
anger/10b03Wb_0.png,10b03Wb.wav,0,data/emodb_2.0,EmoDB,wav,4.486,4,10,32.0,male,deu,0.9524,0.8095,8.0,b03,1,0.0,None,0.0,0.0,0,0,0,None,anger
anger/10b03Wb_1.png,10b03Wb.wav,1,data/emodb_2.0,EmoDB,wav,4.486,4,10,32.0,male,deu,0.9524,0.8095,8.0,b03,1,0.0,None,0.0,0.0,0,0,0,None,anger
anger/10b03Wd_0.png,10b03Wd.wav,0,data/emodb_2.0,EmoDB,wav,3.901,4,10,32.0,male,deu,0.7619,0.5714,8.0,b03,1,0.0,None,0.0,0.0,0,0,0,None,anger
fear/10b09Ad_0.png,10b09Ad.wav,0,data/emodb_2.0,EmoDB,wav,1.977,4,10,32.0,male,deu,0.95,0.6,9.0,b09,0,0.0,None,0.0,1.0,0,0,0,None,fear
fear/10b09Ae_0.png,10b09Ae.wav,0,data/emodb_2.0,EmoDB,wav,2.126,4,10,32.0,male,deu,0.8,0.45,9.0,b09,0,0.0,None,0.0,1.0,0,0,0,None,fear
disgust/10b09Ea_0.png,10b09Ea.wav,0,data/emodb_2.0,EmoDB,wav,3.453,4,10,32.0,male,deu,0.85,0.3,9.0,b09,0,0.0,None,1.0,0.0,0,0,0,None,disgust
happiness/10b09Fe_0.png,10b09Fe.wav,0,data/emodb_2.0,EmoDB,wav,2.78,4,10,32.0,male,deu,0.4,0.25,9.0,b09,0,0.0,None,0.0,0.0,1,0,0,None,happiness
boredom/10b09Lb_0.png,10b09Lb.wav,0,data/emodb_2.0,EmoDB,wav,2.949,4,10,32.0,male,deu,1.0,0.75,9.0,b09,0,1.0,None,0.0,0.0,0,0,0,None,boredom
neutral/10b09Nb_0.png,10b09Nb.wav,0,data/emodb_2.0,EmoDB,wav,2.906,4,10,32.0,male,deu,0.4,0.25,9.0,b09,0,0.0,None,0.0,0.0,0,1,0,None,neutral
sadness/10b09Ta_0.png,10b09Ta.wav,0,data/emodb_2.0,EmoDB,wav,2.835,4,10,32.0,male,deu,0.9,0.55,9.0,b09,0,0.0,None,0.0,0.0,0,0,1,None,sadness
anger/10b09Wb_0.png,10b09Wb.wav,0,data/emodb_2.0,EmoDB,wav,3.213,4,10,32.0,male,deu,1.0,0.95,9.0,b09,1,0.0,None,0.0,0.0,0,0,0,None,anger
fear/10b10Aa_0.png,10b10Aa.wav,0,data/emodb_2.0,EmoDB,wav,1.766,4,10,32.0,male,deu,0.95,0.5,10.0,b10,0,0.0,None,0.0,1.0,0,0,0,None,fear
disgust/10b10Eb_0.png,10b10Eb.wav,0,data/emodb_2.0,EmoDB,wav,2.374,4,10,32.0,male,deu,0.65,0.4,10.0,b10,0,0.0,None,1.0,0.0,0,0,0,None,disgust
happiness/10b10Fc_0.png,10b10Fc.wav,0,data/emodb_2.0,EmoDB,wav,2.212,4,10,32.0,male,deu,1.0,0.8,10.0,b10,0,0.0,None,0.0,0.0,1,0,0,None,happiness
boredom/10b10Lc_0.png,10b10Lc.wav,0,data/emodb_2.0,EmoDB,wav,2.27,4,10,32.0,male,deu,0.85,0.85,10.0,b10,0,1.0,None,0.0,0.0,0,0,0,None,boredom
neutral/10b10Nb_0.png,10b10Nb.wav,0,data/emodb_2.0,EmoDB,wav,2.223,4,10,32.0,male,deu,0.75,0.7,10.0,b10,0,0.0,None,0.0,0.0,0,1,0,None,neutral
sadness/10b10Tc_0.png,10b10Tc.wav,0,data/emodb_2.0,EmoDB,wav,2.102,4,10,32.0,male,deu,0.55,0.4,10.0,b10,0,0.0,None,0.0,0.0,0,0,1,None,sadness
anger/10b10Wa_0.png,10b10Wa.wav,0,data/emodb_2.0,EmoDB,wav,2.646,4,10,32.0,male,deu,1.0,1.0,10.0,b10,1,0.0,None,0.0,0.0,0,0,0,None,anger
fear/11a01Aa_0.png,11a01Aa.wav,0,data/emodb_2.0,EmoDB,wav,1.557,5,11,26.0,male,deu,0.85,0.5,1.0,a01,0,0.0,None,0.0,1.0,0,0,0,None,fear
fear/11a01Ab_0.png,11a01Ab.wav,0,data/emodb_2.0,EmoDB,wav,1.504,5,11,26.0,male,deu,0.9,0.7,1.0,a01,0,0.0,None,0.0,1.0,0,0,0,None,fear
disgust/11a01Ea_0.png,11a01Ea.wav,0,data/emodb_2.0,EmoDB,wav,1.682,5,11,26.0,male,deu,0.25,0.05,1.0,a01,0,0.0,None,1.0,0.0,0,0,0,None,disgust
happiness/11a01Fa_0.png,11a01Fa.wav,0,data/emodb_2.0,EmoDB,wav,1.899,5,11,26.0,male,deu,0.85,0.45,1.0,a01,0,0.0,None,0.0,0.0,1,0,0,None,happiness
boredom/11a01Ld_0.png,11a01Ld.wav,0,data/emodb_2.0,EmoDB,wav,2.082,5,11,26.0,male,deu,0.95,0.7,1.0,a01,0,1.0,None,0.0,0.0,0,0,0,None,boredom
neutral/11a01Nd_0.png,11a01Nd.wav,0,data/emodb_2.0,EmoDB,wav,1.636,5,11,26.0,male,deu,1.0,0.8,1.0,a01,0,0.0,None,0.0,0.0,0,1,0,None,neutral
sadness/11a01Td_0.png,11a01Td.wav,0,data/emodb_2.0,EmoDB,wav,2.185,5,11,26.0,male,deu,0.5,0.3,1.0,a01,0,0.0,None,0.0,0.0,0,0,1,None,sadness
anger/11a01Wc_0.png,11a01Wc.wav,0,data/emodb_2.0,EmoDB,wav,1.92,5,11,26.0,male,deu,1.0,0.95,1.0,a01,1,0.0,None,0.0,0.0,0,0,0,None,anger
fear/11a02Ab_0.png,11a02Ab.wav,0,data/emodb_2.0,EmoDB,wav,1.651,5,11,26.0,male,deu,0.85,0.45,2.0,a02,0,0.0,None,0.0,1.0,0,0,0,None,fear
disgust/11a02Ec_0.png,11a02Ec.wav,0,data/emodb_2.0,EmoDB,wav,1.91,5,11,26.0,male,deu,0.85,0.6,2.0,a02,0,0.0,None,1.0,0.0,0,0,0,None,disgust
happiness/11a02Fb_0.png,11a02Fb.wav,0,data/emodb_2.0,EmoDB,wav,1.785,5,11,26.0,male,deu,0.85,0.5,2.0,a02,0,0.0,None,0.0,0.0,1,0,0,None,happiness
boredom/11a02La_0.png,11a02La.wav,0,data/emodb_2.0,EmoDB,wav,1.77,5,11,26.0,male,deu,0.7,0.45,2.0,a02,0,1.0,None,0.0,0.0,0,0,0,None,boredom
boredom/11a02Ld_0.png,11a02Ld.wav,0,data/emodb_2.0,EmoDB,wav,1.605,5,11,26.0,male,deu,0.8,0.8,2.0,a02,0,1.0,None,0.0,0.0,0,0,0,None,boredom
neutral/11a02Nc_0.png,11a02Nc.wav,0,data/emodb_2.0,EmoDB,wav,1.534,5,11,26.0,male,deu,1.0,0.85,2.0,a02,0,0.0,None,0.0,0.0,0,1,0,None,neutral
sadness/11a02Tc_0.png,11a02Tc.wav,0,data/emodb_2.0,EmoDB,wav,2.064,5,11,26.0,male,deu,0.85,0.85,2.0,a02,0,0.0,None,0.0,0.0,0,0,1,None,sadness
anger/11a02Wc_0.png,11a02Wc.wav,0,data/emodb_2.0,EmoDB,wav,2.426,5,11,26.0,male,deu,1.0,0.8,2.0,a02,1,0.0,None,0.0,0.0,0,0,0,None,anger
fear/11a04Ac_0.png,11a04Ac.wav,0,data/emodb_2.0,EmoDB,wav,1.536,5,11,26.0,male,deu,0.95,0.75,3.0,a04,0,0.0,None,0.0,1.0,0,0,0,None,fear
disgust/11a04Eb_0.png,11a04Eb.wav,0,data/emodb_2.0,EmoDB,wav,2.16,5,11,26.0,male,deu,0.85,0.5,3.0,a04,0,0.0,None,1.0,0.0,0,0,0,None,disgust
disgust/11a04Ec_0.png,11a04Ec.wav,0,data/emodb_2.0,EmoDB,wav,2.081,5,11,26.0,male,deu,0.8,0.2,3.0,a04,0,0.0,None,1.0,0.0,0,0,0,None,disgust
happiness/11a04Fd_0.png,11a04Fd.wav,0,data/emodb_2.0,EmoDB,wav,1.886,5,11,26.0,male,deu,0.9,0.85,3.0,a04,0,0.0,None,0.0,0.0,1,0,0,None,happiness
boredom/11a04Ld_0.png,11a04Ld.wav,0,data/emodb_2.0,EmoDB,wav,1.432,5,11,26.0,male,deu,0.4,0.2,3.0,a04,0,1.0,None,0.0,0.0,0,0,0,None,boredom
neutral/11a04Nd_0.png,11a04Nd.wav,0,data/emodb_2.0,EmoDB,wav,1.684,5,11,26.0,male,deu,0.8,0.55,3.0,a04,0,0.0,None,0.0,0.0,0,1,0,None,neutral
sadness/11a04Tc_0.png,11a04Tc.wav,0,data/emodb_2.0,EmoDB,wav,3.797,5,11,26.0,male,deu,0.75,0.5,3.0,a04,0,0.0,None,0.0,0.0,0,0,1,None,sadness
anger/11a04Wa_0.png,11a04Wa.wav,0,data/emodb_2.0,EmoDB,wav,2.098,5,11,26.0,male,deu,0.7,0.3,3.0,a04,1,0.0,None,0.0,0.0,0,0,0,None,anger
anger/11a04Wc_0.png,11a04Wc.wav,0,data/emodb_2.0,EmoDB,wav,2.679,5,11,26.0,male,deu,0.9,0.65,3.0,a04,1,0.0,None,0.0,0.0,0,0,0,None,anger
fear/11a05Ad_0.png,11a05Ad.wav,0,data/emodb_2.0,EmoDB,wav,2.916,5,11,26.0,male,deu,1.0,0.75,4.0,a05,0,0.0,None,0.0,1.0,0,0,0,None,fear
disgust/11a05Ea_0.png,11a05Ea.wav,0,data/emodb_2.0,EmoDB,wav,3.754,5,11,26.0,male,deu,0.75,0.3,4.0,a05,0,0.0,None,1.0,0.0,0,0,0,None,disgust
happiness/11a05Fb_0.png,11a05Fb.wav,0,data/emodb_2.0,EmoDB,wav,3.543,5,11,26.0,male,deu,0.95,0.7,4.0,a05,0,0.0,None,0.0,0.0,1,0,0,None,happiness
happiness/11a05Fc_0.png,11a05Fc.wav,0,data/emodb_2.0,EmoDB,wav,3.926,5,11,26.0,male,deu,1.0,0.65,4.0,a05,0,0.0,None,0.0,0.0,1,0,0,None,happiness
boredom/11a05Lc_0.png,11a05Lc.wav,0,data/emodb_2.0,EmoDB,wav,4.066,5,11,26.0,male,deu,0.85,0.75,4.0,a05,0,1.0,None,0.0,0.0,0,0,0,None,boredom
boredom/11a05Lc_1.png,11a05Lc.wav,1,data/emodb_2.0,EmoDB,wav,4.066,5,11,26.0,male,deu,0.85,0.75,4.0,a05,0,1.0,None,0.0,0.0,0,0,0,None,boredom
neutral/11a05Na_0.png,11a05Na.wav,0,data/emodb_2.0,EmoDB,wav,3.321,5,11,26.0,male,deu,0.85,0.8,4.0,a05,0,0.0,None,0.0,0.0,0,1,0,None,neutral
sadness/11a05Td_0.png,11a05Td.wav,0,data/emodb_2.0,EmoDB,wav,5.673,5,11,26.0,male,deu,0.9,0.6,4.0,a05,0,0.0,None,0.0,0.0,0,0,1,None,sadness
sadness/11a05Td_1.png,11a05Td.wav,1,data/emodb_2.0,EmoDB,wav,5.673,5,11,26.0,male,deu,0.9,0.6,4.0,a05,0,0.0,None,0.0,0.0,0,0,1,None,sadness
anger/11a05Wd_0.png,11a05Wd.wav,0,data/emodb_2.0,EmoDB,wav,4.038,5,11,26.0,male,deu,1.0,1.0,4.0,a05,1,0.0,None,0.0,0.0,0,0,0,None,anger
anger/11a05Wd_1.png,11a05Wd.wav,1,data/emodb_2.0,EmoDB,wav,4.038,5,11,26.0,male,deu,1.0,1.0,4.0,a05,1,0.0,None,0.0,0.0,0,0,0,None,anger
fear/11a07Ac_0.png,11a07Ac.wav,0,data/emodb_2.0,EmoDB,wav,1.902,5,11,26.0,male,deu,0.8,0.65,5.0,a07,0,0.0,None,0.0,1.0,0,0,0,None,fear
disgust/11a07Ec_0.png,11a07Ec.wav,0,data/emodb_2.0,EmoDB,wav,2.541,5,11,26.0,male,deu,0.8,0.4,5.0,a07,0,0.0,None,1.0,0.0,0,0,0,None,disgust
happiness/11a07Fd_0.png,11a07Fd.wav,0,data/emodb_2.0,EmoDB,wav,2.203,5,11,26.0,male,deu,0.95,0.4,5.0,a07,0,0.0,None,0.0,0.0,1,0,0,None,happiness
boredom/11a07Ld_0.png,11a07Ld.wav,0,data/emodb_2.0,EmoDB,wav,1.795,5,11,26.0,male,deu,0.9,0.8,5.0,a07,0,1.0,None,0.0,0.0,0,0,0,None,boredom
neutral/11a07Nb_0.png,11a07Nb.wav,0,data/emodb_2.0,EmoDB,wav,1.745,5,11,26.0,male,deu,0.85,0.5,5.0,a07,0,0.0,None,0.0,0.0,0,1,0,None,neutral
sadness/11a07Ta_0.png,11a07Ta.wav,0,data/emodb_2.0,EmoDB,wav,2.167,5,11,26.0,male,deu,0.8,0.7,5.0,a07,0,0.0,None,0.0,0.0,0,0,1,None,sadness
anger/11a07Wc_0.png,11a07Wc.wav,0,data/emodb_2.0,EmoDB,wav,2.238,5,11,26.0,male,deu,0.9,0.7,5.0,a07,1,0.0,None,0.0,0.0,0,0,0,None,anger
fear/11b01Ab_0.png,11b01Ab.wav,0,data/emodb_2.0,EmoDB,wav,2.024,5,11,26.0,male,deu,0.95,0.75,6.0,b01,0,0.0,None,0.0,1.0,0,0,0,None,fear
disgust/11b01Eb_0.png,11b01Eb.wav,0,data/emodb_2.0,EmoDB,wav,3.054,5,11,26.0,male,deu,0.85,0.5,6.0,b01,0,0.0,None,1.0,0.0,0,0,0,None,disgust
happiness/11b01Fb_0.png,11b01Fb.wav,0,data/emodb_2.0,EmoDB,wav,2.43,5,11,26.0,male,deu,0.85,0.45,6.0,b01,0,0.0,None,0.0,0.0,1,0,0,None,happiness
happiness/11b01Fc_0.png,11b01Fc.wav,0,data/emodb_2.0,EmoDB,wav,2.555,5,11,26.0,male,deu,1.0,0.75,6.0,b01,0,0.0,None,0.0,0.0,1,0,0,None,happiness
boredom/11b01Lb_0.png,11b01Lb.wav,0,data/emodb_2.0,EmoDB,wav,2.794,5,11,26.0,male,deu,0.85,0.55,6.0,b01,0,1.0,None,0.0,0.0,0,0,0,None,boredom
neutral/11b01Nc_0.png,11b01Nc.wav,0,data/emodb_2.0,EmoDB,wav,2.22,5,11,26.0,male,deu,0.95,0.9,6.0,b01,0,0.0,None,0.0,0.0,0,1,0,None,neutral
sadness/11b01Td_0.png,11b01Td.wav,0,data/emodb_2.0,EmoDB,wav,3.73,5,11,26.0,male,deu,0.55,0.3,6.0,b01,0,0.0,None,0.0,0.0,0,0,1,None,sadness
anger/11b01Wd_0.png,11b01Wd.wav,0,data/emodb_2.0,EmoDB,wav,2.815,5,11,26.0,male,deu,0.95,0.7,6.0,b01,1,0.0,None,0.0,0.0,0,0,0,None,anger
fear/11b02Ab_0.png,11b02Ab.wav,0,data/emodb_2.0,EmoDB,wav,2.49,5,11,26.0,male,deu,0.85,0.75,7.0,b02,0,0.0,None,0.0,1.0,0,0,0,None,fear
disgust/11b02Eb_0.png,11b02Eb.wav,0,data/emodb_2.0,EmoDB,wav,3.848,5,11,26.0,male,deu,0.65,0.25,7.0,b02,0,0.0,None,1.0,0.0,0,0,0,None,disgust
happiness/11b02Fd_0.png,11b02Fd.wav,0,data/emodb_2.0,EmoDB,wav,3.115,5,11,26.0,male,deu,1.0,0.8,7.0,b02,0,0.0,None,0.0,0.0,1,0,0,None,happiness
boredom/11b02Ld_0.png,11b02Ld.wav,0,data/emodb_2.0,EmoDB,wav,2.717,5,11,26.0,male,deu,0.45,0.3,7.0,b02,0,1.0,None,0.0,0.0,0,0,0,None,boredom
neutral/11b02Na_0.png,11b02Na.wav,0,data/emodb_2.0,EmoDB,wav,2.699,5,11,26.0,male,deu,0.9,0.9,7.0,b02,0,0.0,None,0.0,0.0,0,1,0,None,neutral
sadness/11b02Td_0.png,11b02Td.wav,0,data/emodb_2.0,EmoDB,wav,3.604,5,11,26.0,male,deu,0.85,0.65,7.0,b02,0,0.0,None,0.0,0.0,0,0,1,None,sadness
anger/11b02Wb_0.png,11b02Wb.wav,0,data/emodb_2.0,EmoDB,wav,3.249,5,11,26.0,male,deu,0.95,0.7,7.0,b02,1,0.0,None,0.0,0.0,0,0,0,None,anger
anger/11b02Wd_0.png,11b02Wd.wav,0,data/emodb_2.0,EmoDB,wav,3.696,5,11,26.0,male,deu,0.75,0.55,7.0,b02,1,0.0,None,0.0,0.0,0,0,0,None,anger
fear/11b03Ab_0.png,11b03Ab.wav,0,data/emodb_2.0,EmoDB,wav,3.476,5,11,26.0,male,deu,0.7619,0.381,8.0,b03,0,0.0,None,0.0,1.0,0,0,0,None,fear
disgust/11b03Eb_0.png,11b03Eb.wav,0,data/emodb_2.0,EmoDB,wav,4.734,5,11,26.0,male,deu,0.5714,0.381,8.0,b03,0,0.0,None,1.0,0.0,0,0,0,None,disgust
disgust/11b03Eb_1.png,11b03Eb.wav,1,data/emodb_2.0,EmoDB,wav,4.734,5,11,26.0,male,deu,0.5714,0.381,8.0,b03,0,0.0,None,1.0,0.0,0,0,0,None,disgust
happiness/11b03Fc_0.png,11b03Fc.wav,0,data/emodb_2.0,EmoDB,wav,3.83,5,11,26.0,male,deu,1.0,0.8095,8.0,b03,0,0.0,None,0.0,0.0,1,0,0,None,happiness
boredom/11b03Lc_0.png,11b03Lc.wav,0,data/emodb_2.0,EmoDB,wav,4.453,5,11,26.0,male,deu,0.8571,0.619,8.0,b03,0,1.0,None,0.0,0.0,0,0,0,None,boredom
boredom/11b03Lc_1.png,11b03Lc.wav,1,data/emodb_2.0,EmoDB,wav,4.453,5,11,26.0,male,deu,0.8571,0.619,8.0,b03,0,1.0,None,0.0,0.0,0,0,0,None,boredom
neutral/11b03Nb_0.png,11b03Nb.wav,0,data/emodb_2.0,EmoDB,wav,3.621,5,11,26.0,male,deu,0.9524,0.7619,8.0,b03,0,0.0,None,0.0,0.0,0,1,0,None,neutral
sadness/11b03Td_0.png,11b03Td.wav,0,data/emodb_2.0,EmoDB,wav,5.905,5,11,26.0,male,deu,0.9048,0.6667000000000001,8.0,b03,0,0.0,None,0.0,0.0,0,0,1,None,sadness
sadness/11b03Td_1.png,11b03Td.wav,1,data/emodb_2.0,EmoDB,wav,5.905,5,11,26.0,male,deu,0.9048,0.6667000000000001,8.0,b03,0,0.0,None,0.0,0.0,0,0,1,None,sadness
anger/11b03Wa_0.png,11b03Wa.wav,0,data/emodb_2.0,EmoDB,wav,4.065,5,11,26.0,male,deu,1.0,0.9048,8.0,b03,1,0.0,None,0.0,0.0,0,0,0,None,anger
anger/11b03Wa_1.png,11b03Wa.wav,1,data/emodb_2.0,EmoDB,wav,4.065,5,11,26.0,male,deu,1.0,0.9048,8.0,b03,1,0.0,None,0.0,0.0,0,0,0,None,anger
anger/11b03Wb_0.png,11b03Wb.wav,0,data/emodb_2.0,EmoDB,wav,5.213,5,11,26.0,male,deu,1.0,0.8571,8.0,b03,1,0.0,None,0.0,0.0,0,0,0,None,anger
anger/11b03Wb_1.png,11b03Wb.wav,1,data/emodb_2.0,EmoDB,wav,5.213,5,11,26.0,male,deu,1.0,0.8571,8.0,b03,1,0.0,None,0.0,0.0,0,0,0,None,anger
fear/11b09Ad_0.png,11b09Ad.wav,0,data/emodb_2.0,EmoDB,wav,2.764,5,11,26.0,male,deu,0.9,0.7,9.0,b09,0,0.0,None,0.0,1.0,0,0,0,None,fear
disgust/11b09Ea_0.png,11b09Ea.wav,0,data/emodb_2.0,EmoDB,wav,3.239,5,11,26.0,male,deu,0.5,0.35,9.0,b09,0,0.0,None,1.0,0.0,0,0,0,None,disgust
happiness/11b09Fd_0.png,11b09Fd.wav,0,data/emodb_2.0,EmoDB,wav,3.037,5,11,26.0,male,deu,0.95,0.8,9.0,b09,0,0.0,None,0.0,0.0,1,0,0,None,happiness
boredom/11b09Ld_0.png,11b09Ld.wav,0,data/emodb_2.0,EmoDB,wav,3.377,5,11,26.0,male,deu,1.0,0.85,9.0,b09,0,1.0,None,0.0,0.0,0,0,0,None,boredom
neutral/11b09Na_0.png,11b09Na.wav,0,data/emodb_2.0,EmoDB,wav,2.419,5,11,26.0,male,deu,0.95,0.9,9.0,b09,0,0.0,None,0.0,0.0,0,1,0,None,neutral
sadness/11b09Td_0.png,11b09Td.wav,0,data/emodb_2.0,EmoDB,wav,4.899,5,11,26.0,male,deu,0.8,0.75,9.0,b09,0,0.0,None,0.0,0.0,0,0,1,None,sadness
sadness/11b09Td_1.png,11b09Td.wav,1,data/emodb_2.0,EmoDB,wav,4.899,5,11,26.0,male,deu,0.8,0.75,9.0,b09,0,0.0,None,0.0,0.0,0,0,1,None,sadness
anger/11b09Wa_0.png,11b09Wa.wav,0,data/emodb_2.0,EmoDB,wav,3.81,5,11,26.0,male,deu,0.9,0.85,9.0,b09,1,0.0,None,0.0,0.0,0,0,0,None,anger
fear/11b10Ad_0.png,11b10Ad.wav,0,data/emodb_2.0,EmoDB,wav,2.446,5,11,26.0,male,deu,0.95,0.6,10.0,b10,0,0.0,None,0.0,1.0,0,0,0,None,fear
fear/11b10Ae_0.png,11b10Ae.wav,0,data/emodb_2.0,EmoDB,wav,2.943,5,11,26.0,male,deu,1.0,0.65,10.0,b10,0,0.0,None,0.0,1.0,0,0,0,None,fear
disgust/11b10Eb_0.png,11b10Eb.wav,0,data/emodb_2.0,EmoDB,wav,3.015,5,11,26.0,male,deu,0.75,0.35,10.0,b10,0,0.0,None,1.0,0.0,0,0,0,None,disgust
happiness/11b10Fa_0.png,11b10Fa.wav,0,data/emodb_2.0,EmoDB,wav,2.378,5,11,26.0,male,deu,0.75,0.5,10.0,b10,0,0.0,None,0.0,0.0,1,0,0,None,happiness
boredom/11b10Ld_0.png,11b10Ld.wav,0,data/emodb_2.0,EmoDB,wav,3.323,5,11,26.0,male,deu,0.8,0.6,10.0,b10,0,1.0,None,0.0,0.0,0,0,0,None,boredom
neutral/11b10Nc_0.png,11b10Nc.wav,0,data/emodb_2.0,EmoDB,wav,2.133,5,11,26.0,male,deu,0.8,0.75,10.0,b10,0,0.0,None,0.0,0.0,0,1,0,None,neutral
sadness/11b10Td_0.png,11b10Td.wav,0,data/emodb_2.0,EmoDB,wav,3.89,5,11,26.0,male,deu,0.95,0.8,10.0,b10,0,0.0,None,0.0,0.0,0,0,1,None,sadness
anger/11b10Wa_0.png,11b10Wa.wav,0,data/emodb_2.0,EmoDB,wav,2.886,5,11,26.0,male,deu,0.95,0.65,10.0,b10,1,0.0,None,0.0,0.0,0,0,0,None,anger
anger/11b10Wb_0.png,11b10Wb.wav,0,data/emodb_2.0,EmoDB,wav,3.88,5,11,26.0,male,deu,0.9,0.5,10.0,b10,1,0.0,None,0.0,0.0,0,0,0,None,anger
fear/12a01Ab_0.png,12a01Ab.wav,0,data/emodb_2.0,EmoDB,wav,1.282,6,12,30.0,male,deu,0.9,0.45,1.0,a01,0,0.0,None,0.0,1.0,0,0,0,None,fear
disgust/12a01Eb_0.png,12a01Eb.wav,0,data/emodb_2.0,EmoDB,wav,2.392,6,12,30.0,male,deu,0.75,0.55,1.0,a01,0,0.0,None,1.0,0.0,0,0,0,None,disgust
happiness/12a01Fb_0.png,12a01Fb.wav,0,data/emodb_2.0,EmoDB,wav,1.864,6,12,30.0,male,deu,0.95,0.7,1.0,a01,0,0.0,None,0.0,0.0,1,0,0,None,happiness
boredom/12a01Lb_0.png,12a01Lb.wav,0,data/emodb_2.0,EmoDB,wav,1.887,6,12,30.0,male,deu,0.9,0.7,1.0,a01,0,1.0,None,0.0,0.0,0,0,0,None,boredom
neutral/12a01Nb_0.png,12a01Nb.wav,0,data/emodb_2.0,EmoDB,wav,1.722,6,12,30.0,male,deu,0.95,0.75,1.0,a01,0,0.0,None,0.0,0.0,0,1,0,None,neutral
sadness/12a01Tb_0.png,12a01Tb.wav,0,data/emodb_2.0,EmoDB,wav,3.304,6,12,30.0,male,deu,0.6,0.1,1.0,a01,0,0.0,None,0.0,0.0,0,0,1,None,sadness
anger/12a01Wc_0.png,12a01Wc.wav,0,data/emodb_2.0,EmoDB,wav,2.359,6,12,30.0,male,deu,0.95,0.8,1.0,a01,1,0.0,None,0.0,0.0,0,0,0,None,anger
fear/12a02Ac_0.png,12a02Ac.wav,0,data/emodb_2.0,EmoDB,wav,1.226,6,12,30.0,male,deu,0.9,0.65,2.0,a02,0,0.0,None,0.0,1.0,0,0,0,None,fear
disgust/12a02Ec_0.png,12a02Ec.wav,0,data/emodb_2.0,EmoDB,wav,3.295,6,12,30.0,male,deu,0.95,0.7,2.0,a02,0,0.0,None,1.0,0.0,0,0,0,None,disgust
happiness/12a02Fa_0.png,12a02Fa.wav,0,data/emodb_2.0,EmoDB,wav,1.624,6,12,30.0,male,deu,0.35,0.15,2.0,a02,0,0.0,None,0.0,0.0,1,0,0,None,happiness
happiness/12a02Fb_0.png,12a02Fb.wav,0,data/emodb_2.0,EmoDB,wav,1.654,6,12,30.0,male,deu,0.35,0.15,2.0,a02,0,0.0,None,0.0,0.0,1,0,0,None,happiness
boredom/12a02La_0.png,12a02La.wav,0,data/emodb_2.0,EmoDB,wav,1.716,6,12,30.0,male,deu,0.6,0.45,2.0,a02,0,1.0,None,0.0,0.0,0,0,0,None,boredom
boredom/12a02Lc_0.png,12a02Lc.wav,0,data/emodb_2.0,EmoDB,wav,1.791,6,12,30.0,male,deu,0.75,0.75,2.0,a02,0,1.0,None,0.0,0.0,0,0,0,None,boredom
neutral/12a02Nb_0.png,12a02Nb.wav,0,data/emodb_2.0,EmoDB,wav,1.732,6,12,30.0,male,deu,0.9,0.75,2.0,a02,0,0.0,None,0.0,0.0,0,1,0,None,neutral
sadness/12a02Ta_0.png,12a02Ta.wav,0,data/emodb_2.0,EmoDB,wav,2.08,6,12,30.0,male,deu,0.8,0.45,2.0,a02,0,0.0,None,0.0,0.0,0,0,1,None,sadness
anger/12a02Wa_0.png,12a02Wa.wav,0,data/emodb_2.0,EmoDB,wav,1.507,6,12,30.0,male,deu,0.9,0.7,2.0,a02,1,0.0,None,0.0,0.0,0,0,0,None,anger
anger/12a02Wc_0.png,12a02Wc.wav,0,data/emodb_2.0,EmoDB,wav,1.466,6,12,30.0,male,deu,0.95,0.8,2.0,a02,1,0.0,None,0.0,0.0,0,0,0,None,anger
fear/12a04Aa_0.png,12a04Aa.wav,0,data/emodb_2.0,EmoDB,wav,1.529,6,12,30.0,male,deu,0.95,0.55,3.0,a04,0,0.0,None,0.0,1.0,0,0,0,None,fear
disgust/12a04Eb_0.png,12a04Eb.wav,0,data/emodb_2.0,EmoDB,wav,3.475,6,12,30.0,male,deu,0.75,0.4,3.0,a04,0,0.0,None,1.0,0.0,0,0,0,None,disgust
happiness/12a04Fa_0.png,12a04Fa.wav,0,data/emodb_2.0,EmoDB,wav,1.706,6,12,30.0,male,deu,0.45,0.1,3.0,a04,0,0.0,None,0.0,0.0,1,0,0,None,happiness
happiness/12a04Fc_0.png,12a04Fc.wav,0,data/emodb_2.0,EmoDB,wav,1.931,6,12,30.0,male,deu,0.55,0.2,3.0,a04,0,0.0,None,0.0,0.0,1,0,0,None,happiness
boredom/12a04Lb_0.png,12a04Lb.wav,0,data/emodb_2.0,EmoDB,wav,1.741,6,12,30.0,male,deu,0.6,0.5,3.0,a04,0,1.0,None,0.0,0.0,0,0,0,None,boredom
neutral/12a04Nc_0.png,12a04Nc.wav,0,data/emodb_2.0,EmoDB,wav,1.896,6,12,30.0,male,deu,0.75,0.5,3.0,a04,0,0.0,None,0.0,0.0,0,1,0,None,neutral
sadness/12a04Tb_0.png,12a04Tb.wav,0,data/emodb_2.0,EmoDB,wav,3.647,6,12,30.0,male,deu,0.75,0.45,3.0,a04,0,0.0,None,0.0,0.0,0,0,1,None,sadness
anger/12a04Wc_0.png,12a04Wc.wav,0,data/emodb_2.0,EmoDB,wav,1.578,6,12,30.0,male,deu,0.9,0.65,3.0,a04,1,0.0,None,0.0,0.0,0,0,0,None,anger
fear/12a05Ab_0.png,12a05Ab.wav,0,data/emodb_2.0,EmoDB,wav,3.234,6,12,30.0,male,deu,0.95,0.55,4.0,a05,0,0.0,None,0.0,1.0,0,0,0,None,fear
disgust/12a05Ec_0.png,12a05Ec.wav,0,data/emodb_2.0,EmoDB,wav,6.156,6,12,30.0,male,deu,0.75,0.25,4.0,a05,0,0.0,None,1.0,0.0,0,0,0,None,disgust
disgust/12a05Ec_1.png,12a05Ec.wav,1,data/emodb_2.0,EmoDB,wav,6.156,6,12,30.0,male,deu,0.75,0.25,4.0,a05,0,0.0,None,1.0,0.0,0,0,0,None,disgust
happiness/12a05Fc_0.png,12a05Fc.wav,0,data/emodb_2.0,EmoDB,wav,3.336,6,12,30.0,male,deu,0.25,0.15,4.0,a05,0,0.0,None,0.0,0.0,1,0,0,None,happiness
boredom/12a05Lb_0.png,12a05Lb.wav,0,data/emodb_2.0,EmoDB,wav,3.828,6,12,30.0,male,deu,1.0,0.85,4.0,a05,0,1.0,None,0.0,0.0,0,0,0,None,boredom
neutral/12a05Nd_0.png,12a05Nd.wav,0,data/emodb_2.0,EmoDB,wav,3.186,6,12,30.0,male,deu,0.9,0.75,4.0,a05,0,0.0,None,0.0,0.0,0,1,0,None,neutral
sadness/12a05Ta_0.png,12a05Ta.wav,0,data/emodb_2.0,EmoDB,wav,5.36,6,12,30.0,male,deu,0.9,0.55,4.0,a05,0,0.0,None,0.0,0.0,0,0,1,None,sadness
sadness/12a05Ta_1.png,12a05Ta.wav,1,data/emodb_2.0,EmoDB,wav,5.36,6,12,30.0,male,deu,0.9,0.55,4.0,a05,0,0.0,None,0.0,0.0,0,0,1,None,sadness
anger/12a05Wb_0.png,12a05Wb.wav,0,data/emodb_2.0,EmoDB,wav,3.485,6,12,30.0,male,deu,0.95,0.85,4.0,a05,1,0.0,None,0.0,0.0,0,0,0,None,anger
fear/12a07Ac_0.png,12a07Ac.wav,0,data/emodb_2.0,EmoDB,wav,1.48,6,12,30.0,male,deu,1.0,0.85,5.0,a07,0,0.0,None,0.0,1.0,0,0,0,None,fear
disgust/12a07Ec_0.png,12a07Ec.wav,0,data/emodb_2.0,EmoDB,wav,4.14,6,12,30.0,male,deu,0.9,0.15,5.0,a07,0,0.0,None,1.0,0.0,0,0,0,None,disgust
disgust/12a07Ec_1.png,12a07Ec.wav,1,data/emodb_2.0,EmoDB,wav,4.14,6,12,30.0,male,deu,0.9,0.15,5.0,a07,0,0.0,None,1.0,0.0,0,0,0,None,disgust
happiness/12a07Fd_0.png,12a07Fd.wav,0,data/emodb_2.0,EmoDB,wav,2.08,6,12,30.0,male,deu,0.65,0.5,5.0,a07,0,0.0,None,0.0,0.0,1,0,0,None,happiness
boredom/12a07La_0.png,12a07La.wav,0,data/emodb_2.0,EmoDB,wav,2.351,6,12,30.0,male,deu,0.9,0.7,5.0,a07,0,1.0,None,0.0,0.0,0,0,0,None,boredom
neutral/12a07Nb_0.png,12a07Nb.wav,0,data/emodb_2.0,EmoDB,wav,2.027,6,12,30.0,male,deu,0.8,0.55,5.0,a07,0,0.0,None,0.0,0.0,0,1,0,None,neutral
sadness/12a07Tc_0.png,12a07Tc.wav,0,data/emodb_2.0,EmoDB,wav,2.905,6,12,30.0,male,deu,0.3,0.1,5.0,a07,0,0.0,None,0.0,0.0,0,0,1,None,sadness
anger/12a07Wa_0.png,12a07Wa.wav,0,data/emodb_2.0,EmoDB,wav,2.333,6,12,30.0,male,deu,0.8,0.6,5.0,a07,1,0.0,None,0.0,0.0,0,0,0,None,anger
anger/12a07Wc_0.png,12a07Wc.wav,0,data/emodb_2.0,EmoDB,wav,1.865,6,12,30.0,male,deu,0.75,0.65,5.0,a07,1,0.0,None,0.0,0.0,0,0,0,None,anger
fear/12b01Ad_0.png,12b01Ad.wav,0,data/emodb_2.0,EmoDB,wav,1.941,6,12,30.0,male,deu,0.7,0.1,6.0,b01,0,0.0,None,0.0,1.0,0,0,0,None,fear
disgust/12b01Ea_0.png,12b01Ea.wav,0,data/emodb_2.0,EmoDB,wav,4.725,6,12,30.0,male,deu,0.85,0.35,6.0,b01,0,0.0,None,1.0,0.0,0,0,0,None,disgust
disgust/12b01Ea_1.png,12b01Ea.wav,1,data/emodb_2.0,EmoDB,wav,4.725,6,12,30.0,male,deu,0.85,0.35,6.0,b01,0,0.0,None,1.0,0.0,0,0,0,None,disgust
happiness/12b01Fd_0.png,12b01Fd.wav,0,data/emodb_2.0,EmoDB,wav,2.666,6,12,30.0,male,deu,0.95,0.45,6.0,b01,0,0.0,None,0.0,0.0,1,0,0,None,happiness
boredom/12b01Lb_0.png,12b01Lb.wav,0,data/emodb_2.0,EmoDB,wav,2.522,6,12,30.0,male,deu,0.7,0.35,6.0,b01,0,1.0,None,0.0,0.0,0,0,0,None,boredom
neutral/12b01Nb_0.png,12b01Nb.wav,0,data/emodb_2.0,EmoDB,wav,2.497,6,12,30.0,male,deu,0.9,0.55,6.0,b01,0,0.0,None,0.0,0.0,0,1,0,None,neutral
sadness/12b01Ta_0.png,12b01Ta.wav,0,data/emodb_2.0,EmoDB,wav,3.995,6,12,30.0,male,deu,0.9,0.65,6.0,b01,0,0.0,None,0.0,0.0,0,0,1,None,sadness
anger/12b01Wa_0.png,12b01Wa.wav,0,data/emodb_2.0,EmoDB,wav,2.237,6,12,30.0,male,deu,0.95,0.75,6.0,b01,1,0.0,None,0.0,0.0,0,0,0,None,anger
fear/12b02Ad_0.png,12b02Ad.wav,0,data/emodb_2.0,EmoDB,wav,2.231,6,12,30.0,male,deu,0.95,0.65,7.0,b02,0,0.0,None,0.0,1.0,0,0,0,None,fear
disgust/12b02Ea_0.png,12b02Ea.wav,0,data/emodb_2.0,EmoDB,wav,5.567,6,12,30.0,male,deu,0.8,0.55,7.0,b02,0,0.0,None,1.0,0.0,0,0,0,None,disgust
disgust/12b02Ea_1.png,12b02Ea.wav,1,data/emodb_2.0,EmoDB,wav,5.567,6,12,30.0,male,deu,0.8,0.55,7.0,b02,0,0.0,None,1.0,0.0,0,0,0,None,disgust
happiness/12b02Fb_0.png,12b02Fb.wav,0,data/emodb_2.0,EmoDB,wav,3.304,6,12,30.0,male,deu,0.85,0.65,7.0,b02,0,0.0,None,0.0,0.0,1,0,0,None,happiness
boredom/12b02La_0.png,12b02La.wav,0,data/emodb_2.0,EmoDB,wav,2.77,6,12,30.0,male,deu,0.75,0.5,7.0,b02,0,1.0,None,0.0,0.0,0,0,0,None,boredom
neutral/12b02Na_0.png,12b02Na.wav,0,data/emodb_2.0,EmoDB,wav,2.982,6,12,30.0,male,deu,0.9,0.7,7.0,b02,0,0.0,None,0.0,0.0,0,1,0,None,neutral
sadness/12b02Tb_0.png,12b02Tb.wav,0,data/emodb_2.0,EmoDB,wav,5.24,6,12,30.0,male,deu,0.55,0.2,7.0,b02,0,0.0,None,0.0,0.0,0,0,1,None,sadness
sadness/12b02Tb_1.png,12b02Tb.wav,1,data/emodb_2.0,EmoDB,wav,5.24,6,12,30.0,male,deu,0.55,0.2,7.0,b02,0,0.0,None,0.0,0.0,0,0,1,None,sadness
anger/12b02Wa_0.png,12b02Wa.wav,0,data/emodb_2.0,EmoDB,wav,2.784,6,12,30.0,male,deu,1.0,0.95,7.0,b02,1,0.0,None,0.0,0.0,0,0,0,None,anger
anger/12b02Wb_0.png,12b02Wb.wav,0,data/emodb_2.0,EmoDB,wav,2.804,6,12,30.0,male,deu,1.0,0.85,7.0,b02,1,0.0,None,0.0,0.0,0,0,0,None,anger
anger/12b02Wd_0.png,12b02Wd.wav,0,data/emodb_2.0,EmoDB,wav,2.65,6,12,30.0,male,deu,1.0,1.0,7.0,b02,1,0.0,None,0.0,0.0,0,0,0,None,anger
fear/12b03Ab_0.png,12b03Ab.wav,0,data/emodb_2.0,EmoDB,wav,3.031,6,12,30.0,male,deu,0.9048,0.4286,8.0,b03,0,0.0,None,0.0,1.0,0,0,0,None,fear
disgust/12b03Ea_0.png,12b03Ea.wav,0,data/emodb_2.0,EmoDB,wav,7.799,6,12,30.0,male,deu,0.6667000000000001,0.0951999999999999,8.0,b03,0,0.0,None,1.0,0.0,0,0,0,None,disgust
disgust/12b03Ea_1.png,12b03Ea.wav,1,data/emodb_2.0,EmoDB,wav,7.799,6,12,30.0,male,deu,0.6667000000000001,0.0951999999999999,8.0,b03,0,0.0,None,1.0,0.0,0,0,0,None,disgust
disgust/12b03Ea_2.png,12b03Ea.wav,2,data/emodb_2.0,EmoDB,wav,7.799,6,12,30.0,male,deu,0.6667000000000001,0.0951999999999999,8.0,b03,0,0.0,None,1.0,0.0,0,0,0,None,disgust
happiness/12b03Fd_0.png,12b03Fd.wav,0,data/emodb_2.0,EmoDB,wav,4.381,6,12,30.0,male,deu,0.381,0.1429,8.0,b03,0,0.0,None,0.0,0.0,1,0,0,None,happiness
happiness/12b03Fd_1.png,12b03Fd.wav,1,data/emodb_2.0,EmoDB,wav,4.381,6,12,30.0,male,deu,0.381,0.1429,8.0,b03,0,0.0,None,0.0,0.0,1,0,0,None,happiness
boredom/12b03La_0.png,12b03La.wav,0,data/emodb_2.0,EmoDB,wav,3.945,6,12,30.0,male,deu,1.0,0.8095,8.0,b03,0,1.0,None,0.0,0.0,0,0,0,None,boredom
neutral/12b03Nc_0.png,12b03Nc.wav,0,data/emodb_2.0,EmoDB,wav,3.729,6,12,30.0,male,deu,0.6667000000000001,0.4286,8.0,b03,0,0.0,None,0.0,0.0,0,1,0,None,neutral
sadness/12b03Ta_0.png,12b03Ta.wav,0,data/emodb_2.0,EmoDB,wav,5.996,6,12,30.0,male,deu,0.9048,0.5238,8.0,b03,0,0.0,None,0.0,0.0,0,0,1,None,sadness
sadness/12b03Ta_1.png,12b03Ta.wav,1,data/emodb_2.0,EmoDB,wav,5.996,6,12,30.0,male,deu,0.9048,0.5238,8.0,b03,0,0.0,None,0.0,0.0,0,0,1,None,sadness
anger/12b03Wd_0.png,12b03Wd.wav,0,data/emodb_2.0,EmoDB,wav,4.277,6,12,30.0,male,deu,0.8571,0.4286,8.0,b03,1,0.0,None,0.0,0.0,0,0,0,None,anger
anger/12b03Wd_1.png,12b03Wd.wav,1,data/emodb_2.0,EmoDB,wav,4.277,6,12,30.0,male,deu,0.8571,0.4286,8.0,b03,1,0.0,None,0.0,0.0,0,0,0,None,anger
fear/12b09Aa_0.png,12b09Aa.wav,0,data/emodb_2.0,EmoDB,wav,2.365,6,12,30.0,male,deu,0.7,0.4,9.0,b09,0,0.0,None,0.0,1.0,0,0,0,None,fear
fear/12b09Ac_0.png,12b09Ac.wav,0,data/emodb_2.0,EmoDB,wav,2.472,6,12,30.0,male,deu,0.85,0.55,9.0,b09,0,0.0,None,0.0,1.0,0,0,0,None,fear
disgust/12b09Ea_0.png,12b09Ea.wav,0,data/emodb_2.0,EmoDB,wav,4.901,6,12,30.0,male,deu,0.8,0.35,9.0,b09,0,0.0,None,1.0,0.0,0,0,0,None,disgust
disgust/12b09Ea_1.png,12b09Ea.wav,1,data/emodb_2.0,EmoDB,wav,4.901,6,12,30.0,male,deu,0.8,0.35,9.0,b09,0,0.0,None,1.0,0.0,0,0,0,None,disgust
happiness/12b09Fb_0.png,12b09Fb.wav,0,data/emodb_2.0,EmoDB,wav,2.691,6,12,30.0,male,deu,0.7,0.3,9.0,b09,0,0.0,None,0.0,0.0,1,0,0,None,happiness
boredom/12b09Lb_0.png,12b09Lb.wav,0,data/emodb_2.0,EmoDB,wav,3.342,6,12,30.0,male,deu,0.7,0.55,9.0,b09,0,1.0,None,0.0,0.0,0,0,0,None,boredom
boredom/12b09Lc_0.png,12b09Lc.wav,0,data/emodb_2.0,EmoDB,wav,2.867,6,12,30.0,male,deu,0.95,0.55,9.0,b09,0,1.0,None,0.0,0.0,0,0,0,None,boredom
neutral/12b09Nc_0.png,12b09Nc.wav,0,data/emodb_2.0,EmoDB,wav,3.311,6,12,30.0,male,deu,0.5,0.35,9.0,b09,0,0.0,None,0.0,0.0,0,1,0,None,neutral
sadness/12b09Td_0.png,12b09Td.wav,0,data/emodb_2.0,EmoDB,wav,5.414,6,12,30.0,male,deu,0.9,0.55,9.0,b09,0,0.0,None,0.0,0.0,0,0,1,None,sadness
sadness/12b09Td_1.png,12b09Td.wav,1,data/emodb_2.0,EmoDB,wav,5.414,6,12,30.0,male,deu,0.9,0.55,9.0,b09,0,0.0,None,0.0,0.0,0,0,1,None,sadness
anger/12b09Wc_0.png,12b09Wc.wav,0,data/emodb_2.0,EmoDB,wav,2.438,6,12,30.0,male,deu,0.95,0.75,9.0,b09,1,0.0,None,0.0,0.0,0,0,0,None,anger
fear/12b10Ac_0.png,12b10Ac.wav,0,data/emodb_2.0,EmoDB,wav,2.03,6,12,30.0,male,deu,0.85,0.55,10.0,b10,0,0.0,None,0.0,1.0,0,0,0,None,fear
disgust/12b10Ed_0.png,12b10Ed.wav,0,data/emodb_2.0,EmoDB,wav,5.062,6,12,30.0,male,deu,0.65,0.3,10.0,b10,0,0.0,None,1.0,0.0,0,0,0,None,disgust
disgust/12b10Ed_1.png,12b10Ed.wav,1,data/emodb_2.0,EmoDB,wav,5.062,6,12,30.0,male,deu,0.65,0.3,10.0,b10,0,0.0,None,1.0,0.0,0,0,0,None,disgust
happiness/12b10Fd_0.png,12b10Fd.wav,0,data/emodb_2.0,EmoDB,wav,2.617,6,12,30.0,male,deu,0.7,0.25,10.0,b10,0,0.0,None,0.0,0.0,1,0,0,None,happiness
boredom/12b10Ld_0.png,12b10Ld.wav,0,data/emodb_2.0,EmoDB,wav,3.02,6,12,30.0,male,deu,0.9,0.7,10.0,b10,0,1.0,None,0.0,0.0,0,0,0,None,boredom
neutral/12b10Nc_0.png,12b10Nc.wav,0,data/emodb_2.0,EmoDB,wav,2.544,6,12,30.0,male,deu,0.7,0.35,10.0,b10,0,0.0,None,0.0,0.0,0,1,0,None,neutral
sadness/12b10Td_0.png,12b10Td.wav,0,data/emodb_2.0,EmoDB,wav,4.522,6,12,30.0,male,deu,0.6,0.35,10.0,b10,0,0.0,None,0.0,0.0,0,0,1,None,sadness
sadness/12b10Td_1.png,12b10Td.wav,1,data/emodb_2.0,EmoDB,wav,4.522,6,12,30.0,male,deu,0.6,0.35,10.0,b10,0,0.0,None,0.0,0.0,0,0,1,None,sadness
anger/12b10Wa_0.png,12b10Wa.wav,0,data/emodb_2.0,EmoDB,wav,2.549,6,12,30.0,male,deu,1.0,0.75,10.0,b10,1,0.0,None,0.0,0.0,0,0,0,None,anger
fear/13a01Ac_0.png,13a01Ac.wav,0,data/emodb_2.0,EmoDB,wav,1.561,7,13,32.0,female,deu,0.95,0.6,1.0,a01,0,0.0,None,0.0,1.0,0,0,0,None,fear
disgust/13a01Ea_0.png,13a01Ea.wav,0,data/emodb_2.0,EmoDB,wav,1.827,7,13,32.0,female,deu,0.85,0.6,1.0,a01,0,0.0,None,1.0,0.0,0,0,0,None,disgust
disgust/13a01Ec_0.png,13a01Ec.wav,0,data/emodb_2.0,EmoDB,wav,2.328,7,13,32.0,female,deu,0.9,0.7,1.0,a01,0,0.0,None,1.0,0.0,0,0,0,None,disgust
happiness/13a01Fd_0.png,13a01Fd.wav,0,data/emodb_2.0,EmoDB,wav,1.881,7,13,32.0,female,deu,1.0,0.8,1.0,a01,0,0.0,None,0.0,0.0,1,0,0,None,happiness
boredom/13a01Lb_0.png,13a01Lb.wav,0,data/emodb_2.0,EmoDB,wav,2.005,7,13,32.0,female,deu,1.0,0.9,1.0,a01,0,1.0,None,0.0,0.0,0,0,0,None,boredom
neutral/13a01Nb_0.png,13a01Nb.wav,0,data/emodb_2.0,EmoDB,wav,1.516,7,13,32.0,female,deu,0.95,0.75,1.0,a01,0,0.0,None,0.0,0.0,0,1,0,None,neutral
sadness/13a01Ta_0.png,13a01Ta.wav,0,data/emodb_2.0,EmoDB,wav,1.546,7,13,32.0,female,deu,0.7,0.3,1.0,a01,0,0.0,None,0.0,0.0,0,0,1,None,sadness
anger/13a01Wb_0.png,13a01Wb.wav,0,data/emodb_2.0,EmoDB,wav,2.362,7,13,32.0,female,deu,1.0,0.75,1.0,a01,1,0.0,None,0.0,0.0,0,0,0,None,anger
fear/13a02Ad_0.png,13a02Ad.wav,0,data/emodb_2.0,EmoDB,wav,1.463,7,13,32.0,female,deu,0.9,0.7,2.0,a02,0,0.0,None,0.0,1.0,0,0,0,None,fear
disgust/13a02Ec_0.png,13a02Ec.wav,0,data/emodb_2.0,EmoDB,wav,2.136,7,13,32.0,female,deu,0.9,0.6,2.0,a02,0,0.0,None,1.0,0.0,0,0,0,None,disgust
happiness/13a02Fa_0.png,13a02Fa.wav,0,data/emodb_2.0,EmoDB,wav,2.075,7,13,32.0,female,deu,0.9,0.8,2.0,a02,0,0.0,None,0.0,0.0,1,0,0,None,happiness
boredom/13a02Lc_0.png,13a02Lc.wav,0,data/emodb_2.0,EmoDB,wav,1.784,7,13,32.0,female,deu,0.8,0.7,2.0,a02,0,1.0,None,0.0,0.0,0,0,0,None,boredom
neutral/13a02Nc_0.png,13a02Nc.wav,0,data/emodb_2.0,EmoDB,wav,1.558,7,13,32.0,female,deu,0.9,0.8,2.0,a02,0,0.0,None,0.0,0.0,0,1,0,None,neutral
sadness/13a02Ta_0.png,13a02Ta.wav,0,data/emodb_2.0,EmoDB,wav,1.864,7,13,32.0,female,deu,0.95,0.85,2.0,a02,0,0.0,None,0.0,0.0,0,0,1,None,sadness
anger/13a02Wa_0.png,13a02Wa.wav,0,data/emodb_2.0,EmoDB,wav,1.669,7,13,32.0,female,deu,0.95,0.85,2.0,a02,1,0.0,None,0.0,0.0,0,0,0,None,anger
fear/13a04Ac_0.png,13a04Ac.wav,0,data/emodb_2.0,EmoDB,wav,1.531,7,13,32.0,female,deu,0.85,0.65,3.0,a04,0,0.0,None,0.0,1.0,0,0,0,None,fear
disgust/13a04Ea_0.png,13a04Ea.wav,0,data/emodb_2.0,EmoDB,wav,1.887,7,13,32.0,female,deu,0.65,0.25,3.0,a04,0,0.0,None,1.0,0.0,0,0,0,None,disgust
happiness/13a04Fc_0.png,13a04Fc.wav,0,data/emodb_2.0,EmoDB,wav,1.783,7,13,32.0,female,deu,0.9,0.65,3.0,a04,0,0.0,None,0.0,0.0,1,0,0,None,happiness
boredom/13a04Lb_0.png,13a04Lb.wav,0,data/emodb_2.0,EmoDB,wav,2.247,7,13,32.0,female,deu,1.0,0.9,3.0,a04,0,1.0,None,0.0,0.0,0,0,0,None,boredom
neutral/13a04Nc_0.png,13a04Nc.wav,0,data/emodb_2.0,EmoDB,wav,1.512,7,13,32.0,female,deu,0.65,0.65,3.0,a04,0,0.0,None,0.0,0.0,0,1,0,None,neutral
sadness/13a04Ta_0.png,13a04Ta.wav,0,data/emodb_2.0,EmoDB,wav,2.853,7,13,32.0,female,deu,0.9,0.75,3.0,a04,0,0.0,None,0.0,0.0,0,0,1,None,sadness
sadness/13a04Tb_0.png,13a04Tb.wav,0,data/emodb_2.0,EmoDB,wav,2.016,7,13,32.0,female,deu,0.7,0.45,3.0,a04,0,0.0,None,0.0,0.0,0,0,1,None,sadness
sadness/13a04Tc_0.png,13a04Tc.wav,0,data/emodb_2.0,EmoDB,wav,2.018,7,13,32.0,female,deu,0.75,0.35,3.0,a04,0,0.0,None,0.0,0.0,0,0,1,None,sadness
anger/13a04Wc_0.png,13a04Wc.wav,0,data/emodb_2.0,EmoDB,wav,1.995,7,13,32.0,female,deu,1.0,1.0,3.0,a04,1,0.0,None,0.0,0.0,0,0,0,None,anger
fear/13a05Aa_0.png,13a05Aa.wav,0,data/emodb_2.0,EmoDB,wav,2.792,7,13,32.0,female,deu,1.0,0.8,4.0,a05,0,0.0,None,0.0,1.0,0,0,0,None,fear
fear/13a05Ac_0.png,13a05Ac.wav,0,data/emodb_2.0,EmoDB,wav,2.757,7,13,32.0,female,deu,0.75,0.35,4.0,a05,0,0.0,None,0.0,1.0,0,0,0,None,fear
disgust/13a05Ea_0.png,13a05Ea.wav,0,data/emodb_2.0,EmoDB,wav,4.196,7,13,32.0,female,deu,0.85,0.65,4.0,a05,0,0.0,None,1.0,0.0,0,0,0,None,disgust
disgust/13a05Ea_1.png,13a05Ea.wav,1,data/emodb_2.0,EmoDB,wav,4.196,7,13,32.0,female,deu,0.85,0.65,4.0,a05,0,0.0,None,1.0,0.0,0,0,0,None,disgust
happiness/13a05Fa_0.png,13a05Fa.wav,0,data/emodb_2.0,EmoDB,wav,2.884,7,13,32.0,female,deu,0.85,0.4,4.0,a05,0,0.0,None,0.0,0.0,1,0,0,None,happiness
boredom/13a05Lc_0.png,13a05Lc.wav,0,data/emodb_2.0,EmoDB,wav,3.353,7,13,32.0,female,deu,0.9,0.9,4.0,a05,0,1.0,None,0.0,0.0,0,0,0,None,boredom
neutral/13a05Nb_0.png,13a05Nb.wav,0,data/emodb_2.0,EmoDB,wav,3.188,7,13,32.0,female,deu,1.0,1.0,4.0,a05,0,0.0,None,0.0,0.0,0,1,0,None,neutral
sadness/13a05Tc_0.png,13a05Tc.wav,0,data/emodb_2.0,EmoDB,wav,4.451,7,13,32.0,female,deu,0.85,0.7,4.0,a05,0,0.0,None,0.0,0.0,0,0,1,None,sadness
sadness/13a05Tc_1.png,13a05Tc.wav,1,data/emodb_2.0,EmoDB,wav,4.451,7,13,32.0,female,deu,0.85,0.7,4.0,a05,0,0.0,None,0.0,0.0,0,0,1,None,sadness
anger/13a05Wa_0.png,13a05Wa.wav,0,data/emodb_2.0,EmoDB,wav,2.885,7,13,32.0,female,deu,0.95,0.75,4.0,a05,1,0.0,None,0.0,0.0,0,0,0,None,anger
anger/13a05Wc_0.png,13a05Wc.wav,0,data/emodb_2.0,EmoDB,wav,3.39,7,13,32.0,female,deu,0.95,0.75,4.0,a05,1,0.0,None,0.0,0.0,0,0,0,None,anger
fear/13a07Aa_0.png,13a07Aa.wav,0,data/emodb_2.0,EmoDB,wav,1.538,7,13,32.0,female,deu,0.75,0.35,5.0,a07,0,0.0,None,0.0,1.0,0,0,0,None,fear
disgust/13a07Ea_0.png,13a07Ea.wav,0,data/emodb_2.0,EmoDB,wav,1.887,7,13,32.0,female,deu,0.55,0.25,5.0,a07,0,0.0,None,1.0,0.0,0,0,0,None,disgust
happiness/13a07Fd_0.png,13a07Fd.wav,0,data/emodb_2.0,EmoDB,wav,2.012,7,13,32.0,female,deu,0.9,0.65,5.0,a07,0,0.0,None,0.0,0.0,1,0,0,None,happiness
boredom/13a07Lb_0.png,13a07Lb.wav,0,data/emodb_2.0,EmoDB,wav,2.264,7,13,32.0,female,deu,0.85,0.85,5.0,a07,0,1.0,None,0.0,0.0,0,0,0,None,boredom
neutral/13a07Na_0.png,13a07Na.wav,0,data/emodb_2.0,EmoDB,wav,1.912,7,13,32.0,female,deu,0.9,0.85,5.0,a07,0,0.0,None,0.0,0.0,0,1,0,None,neutral
sadness/13a07Tc_0.png,13a07Tc.wav,0,data/emodb_2.0,EmoDB,wav,2.342,7,13,32.0,female,deu,0.8,0.65,5.0,a07,0,0.0,None,0.0,0.0,0,0,1,None,sadness
anger/13a07Wb_0.png,13a07Wb.wav,0,data/emodb_2.0,EmoDB,wav,2.258,7,13,32.0,female,deu,1.0,0.8,5.0,a07,1,0.0,None,0.0,0.0,0,0,0,None,anger
fear/13b01Ab_0.png,13b01Ab.wav,0,data/emodb_2.0,EmoDB,wav,2.223,7,13,32.0,female,deu,1.0,0.95,6.0,b01,0,0.0,None,0.0,1.0,0,0,0,None,fear
disgust/13b01Ec_0.png,13b01Ec.wav,0,data/emodb_2.0,EmoDB,wav,3.092,7,13,32.0,female,deu,0.95,0.7,6.0,b01,0,0.0,None,1.0,0.0,0,0,0,None,disgust
happiness/13b01Fc_0.png,13b01Fc.wav,0,data/emodb_2.0,EmoDB,wav,2.633,7,13,32.0,female,deu,1.0,0.85,6.0,b01,0,0.0,None,0.0,0.0,1,0,0,None,happiness
boredom/13b01Ld_0.png,13b01Ld.wav,0,data/emodb_2.0,EmoDB,wav,2.674,7,13,32.0,female,deu,0.95,0.8,6.0,b01,0,1.0,None,0.0,0.0,0,0,0,None,boredom
neutral/13b01Nc_0.png,13b01Nc.wav,0,data/emodb_2.0,EmoDB,wav,2.431,7,13,32.0,female,deu,0.85,0.6,6.0,b01,0,0.0,None,0.0,0.0,0,1,0,None,neutral
sadness/13b01Td_0.png,13b01Td.wav,0,data/emodb_2.0,EmoDB,wav,2.752,7,13,32.0,female,deu,0.6,0.45,6.0,b01,0,0.0,None,0.0,0.0,0,0,1,None,sadness
anger/13b01Wa_0.png,13b01Wa.wav,0,data/emodb_2.0,EmoDB,wav,2.252,7,13,32.0,female,deu,1.0,0.95,6.0,b01,1,0.0,None,0.0,0.0,0,0,0,None,anger
fear/13b02Aa_0.png,13b02Aa.wav,0,data/emodb_2.0,EmoDB,wav,2.522,7,13,32.0,female,deu,0.9,0.45,7.0,b02,0,0.0,None,0.0,1.0,0,0,0,None,fear
disgust/13b02Ea_0.png,13b02Ea.wav,0,data/emodb_2.0,EmoDB,wav,3.765,7,13,32.0,female,deu,0.8,0.5,7.0,b02,0,0.0,None,1.0,0.0,0,0,0,None,disgust
happiness/13b02Fb_0.png,13b02Fb.wav,0,data/emodb_2.0,EmoDB,wav,3.442,7,13,32.0,female,deu,1.0,0.85,7.0,b02,0,0.0,None,0.0,0.0,1,0,0,None,happiness
boredom/13b02Lc_0.png,13b02Lc.wav,0,data/emodb_2.0,EmoDB,wav,3.804,7,13,32.0,female,deu,1.0,0.9,7.0,b02,0,1.0,None,0.0,0.0,0,0,0,None,boredom
neutral/13b02Nb_0.png,13b02Nb.wav,0,data/emodb_2.0,EmoDB,wav,2.786,7,13,32.0,female,deu,0.95,0.85,7.0,b02,0,0.0,None,0.0,0.0,0,1,0,None,neutral
sadness/13b02Tb_0.png,13b02Tb.wav,0,data/emodb_2.0,EmoDB,wav,3.229,7,13,32.0,female,deu,0.65,0.45,7.0,b02,0,0.0,None,0.0,0.0,0,0,1,None,sadness
sadness/13b02Tc_0.png,13b02Tc.wav,0,data/emodb_2.0,EmoDB,wav,3.756,7,13,32.0,female,deu,0.65,0.35,7.0,b02,0,0.0,None,0.0,0.0,0,0,1,None,sadness
anger/13b02Wa_0.png,13b02Wa.wav,0,data/emodb_2.0,EmoDB,wav,2.411,7,13,32.0,female,deu,1.0,0.8,7.0,b02,1,0.0,None,0.0,0.0,0,0,0,None,anger
fear/13b03Ac_0.png,13b03Ac.wav,0,data/emodb_2.0,EmoDB,wav,3.308,7,13,32.0,female,deu,0.9524,0.7619,8.0,b03,0,0.0,None,0.0,1.0,0,0,0,None,fear
disgust/13b03Ed_0.png,13b03Ed.wav,0,data/emodb_2.0,EmoDB,wav,4.518,7,13,32.0,female,deu,0.8571,0.6667000000000001,8.0,b03,0,0.0,None,1.0,0.0,0,0,0,None,disgust
disgust/13b03Ed_1.png,13b03Ed.wav,1,data/emodb_2.0,EmoDB,wav,4.518,7,13,32.0,female,deu,0.8571,0.6667000000000001,8.0,b03,0,0.0,None,1.0,0.0,0,0,0,None,disgust
happiness/13b03Fd_0.png,13b03Fd.wav,0,data/emodb_2.0,EmoDB,wav,3.931,7,13,32.0,female,deu,1.0,0.6667000000000001,8.0,b03,0,0.0,None,0.0,0.0,1,0,0,None,happiness
boredom/13b03Lb_0.png,13b03Lb.wav,0,data/emodb_2.0,EmoDB,wav,3.885,7,13,32.0,female,deu,1.0,0.9048,8.0,b03,0,1.0,None,0.0,0.0,0,0,0,None,boredom
neutral/13b03Na_0.png,13b03Na.wav,0,data/emodb_2.0,EmoDB,wav,3.567,7,13,32.0,female,deu,0.9048,0.9048,8.0,b03,0,0.0,None,0.0,0.0,0,1,0,None,neutral
sadness/13b03Td_0.png,13b03Td.wav,0,data/emodb_2.0,EmoDB,wav,4.976,7,13,32.0,female,deu,0.9524,0.9048,8.0,b03,0,0.0,None,0.0,0.0,0,0,1,None,sadness
sadness/13b03Td_1.png,13b03Td.wav,1,data/emodb_2.0,EmoDB,wav,4.976,7,13,32.0,female,deu,0.9524,0.9048,8.0,b03,0,0.0,None,0.0,0.0,0,0,1,None,sadness
anger/13b03Wc_0.png,13b03Wc.wav,0,data/emodb_2.0,EmoDB,wav,3.612,7,13,32.0,female,deu,0.9524,0.8095,8.0,b03,1,0.0,None,0.0,0.0,0,0,0,None,anger
fear/13b09Ab_0.png,13b09Ab.wav,0,data/emodb_2.0,EmoDB,wav,2.712,7,13,32.0,female,deu,1.0,0.65,9.0,b09,0,0.0,None,0.0,1.0,0,0,0,None,fear
fear/13b09Ac_0.png,13b09Ac.wav,0,data/emodb_2.0,EmoDB,wav,2.419,7,13,32.0,female,deu,1.0,0.55,9.0,b09,0,0.0,None,0.0,1.0,0,0,0,None,fear
disgust/13b09Ec_0.png,13b09Ec.wav,0,data/emodb_2.0,EmoDB,wav,2.69,7,13,32.0,female,deu,0.8,0.55,9.0,b09,0,0.0,None,1.0,0.0,0,0,0,None,disgust
happiness/13b09Fb_0.png,13b09Fb.wav,0,data/emodb_2.0,EmoDB,wav,2.874,7,13,32.0,female,deu,1.0,0.75,9.0,b09,0,0.0,None,0.0,0.0,1,0,0,None,happiness
happiness/13b09Fc_0.png,13b09Fc.wav,0,data/emodb_2.0,EmoDB,wav,2.962,7,13,32.0,female,deu,1.0,0.8,9.0,b09,0,0.0,None,0.0,0.0,1,0,0,None,happiness
boredom/13b09La_0.png,13b09La.wav,0,data/emodb_2.0,EmoDB,wav,2.59,7,13,32.0,female,deu,0.8,0.8,9.0,b09,0,1.0,None,0.0,0.0,0,0,0,None,boredom
neutral/13b09Na_0.png,13b09Na.wav,0,data/emodb_2.0,EmoDB,wav,2.673,7,13,32.0,female,deu,0.9,0.85,9.0,b09,0,0.0,None,0.0,0.0,0,1,0,None,neutral
sadness/13b09Ta_0.png,13b09Ta.wav,0,data/emodb_2.0,EmoDB,wav,2.949,7,13,32.0,female,deu,0.75,0.6,9.0,b09,0,0.0,None,0.0,0.0,0,0,1,None,sadness
anger/13b09Wa_0.png,13b09Wa.wav,0,data/emodb_2.0,EmoDB,wav,2.4,7,13,32.0,female,deu,0.95,0.8,9.0,b09,1,0.0,None,0.0,0.0,0,0,0,None,anger
anger/13b09Wc_0.png,13b09Wc.wav,0,data/emodb_2.0,EmoDB,wav,3.307,7,13,32.0,female,deu,0.6,0.55,9.0,b09,1,0.0,None,0.0,0.0,0,0,0,None,anger
fear/13b10Aa_0.png,13b10Aa.wav,0,data/emodb_2.0,EmoDB,wav,2.155,7,13,32.0,female,deu,0.7,0.65,10.0,b10,0,0.0,None,0.0,1.0,0,0,0,None,fear
fear/13b10Ac_0.png,13b10Ac.wav,0,data/emodb_2.0,EmoDB,wav,2.415,7,13,32.0,female,deu,0.7,0.25,10.0,b10,0,0.0,None,0.0,1.0,0,0,0,None,fear
disgust/13b10Ec_0.png,13b10Ec.wav,0,data/emodb_2.0,EmoDB,wav,2.848,7,13,32.0,female,deu,0.8,0.65,10.0,b10,0,0.0,None,1.0,0.0,0,0,0,None,disgust
happiness/13b10Fa_0.png,13b10Fa.wav,0,data/emodb_2.0,EmoDB,wav,2.159,7,13,32.0,female,deu,0.8,0.7,10.0,b10,0,0.0,None,0.0,0.0,1,0,0,None,happiness
boredom/13b10La_0.png,13b10La.wav,0,data/emodb_2.0,EmoDB,wav,2.348,7,13,32.0,female,deu,0.9,0.75,10.0,b10,0,1.0,None,0.0,0.0,0,0,0,None,boredom
neutral/13b10Nc_0.png,13b10Nc.wav,0,data/emodb_2.0,EmoDB,wav,2.368,7,13,32.0,female,deu,1.0,1.0,10.0,b10,0,0.0,None,0.0,0.0,0,1,0,None,neutral
sadness/13b10Ta_0.png,13b10Ta.wav,0,data/emodb_2.0,EmoDB,wav,3.018,7,13,32.0,female,deu,0.75,0.6,10.0,b10,0,0.0,None,0.0,0.0,0,0,1,None,sadness
anger/13b10Wa_0.png,13b10Wa.wav,0,data/emodb_2.0,EmoDB,wav,2.201,7,13,32.0,female,deu,1.0,0.85,10.0,b10,1,0.0,None,0.0,0.0,0,0,0,None,anger
anger/13b10Wc_0.png,13b10Wc.wav,0,data/emodb_2.0,EmoDB,wav,2.683,7,13,32.0,female,deu,0.95,0.85,10.0,b10,1,0.0,None,0.0,0.0,0,0,0,None,anger
fear/14a01Aa_0.png,14a01Aa.wav,0,data/emodb_2.0,EmoDB,wav,1.534,8,14,35.0,female,deu,0.9,0.75,1.0,a01,0,0.0,None,0.0,1.0,0,0,0,None,fear
fear/14a01Ac_0.png,14a01Ac.wav,0,data/emodb_2.0,EmoDB,wav,1.542,8,14,35.0,female,deu,0.9,0.8,1.0,a01,0,0.0,None,0.0,1.0,0,0,0,None,fear
disgust/14a01Ea_0.png,14a01Ea.wav,0,data/emodb_2.0,EmoDB,wav,3.143,8,14,35.0,female,deu,0.85,0.5,1.0,a01,0,0.0,None,1.0,0.0,0,0,0,None,disgust
happiness/14a01Fa_0.png,14a01Fa.wav,0,data/emodb_2.0,EmoDB,wav,1.672,8,14,35.0,female,deu,0.9,0.55,1.0,a01,0,0.0,None,0.0,0.0,1,0,0,None,happiness
boredom/14a01La_0.png,14a01La.wav,0,data/emodb_2.0,EmoDB,wav,1.713,8,14,35.0,female,deu,0.75,0.6,1.0,a01,0,1.0,None,0.0,0.0,0,0,0,None,boredom
boredom/14a01Ld_0.png,14a01Ld.wav,0,data/emodb_2.0,EmoDB,wav,1.554,8,14,35.0,female,deu,0.65,0.45,1.0,a01,0,1.0,None,0.0,0.0,0,0,0,None,boredom
neutral/14a01Na_0.png,14a01Na.wav,0,data/emodb_2.0,EmoDB,wav,1.615,8,14,35.0,female,deu,0.95,0.75,1.0,a01,0,0.0,None,0.0,0.0,0,1,0,None,neutral
sadness/14a01Tb_0.png,14a01Tb.wav,0,data/emodb_2.0,EmoDB,wav,2.044,8,14,35.0,female,deu,0.45,0.2,1.0,a01,0,0.0,None,0.0,0.0,0,0,1,None,sadness
sadness/14a01Td_0.png,14a01Td.wav,0,data/emodb_2.0,EmoDB,wav,2.964,8,14,35.0,female,deu,0.45,0.35,1.0,a01,0,0.0,None,0.0,0.0,0,0,1,None,sadness
anger/14a01Wa_0.png,14a01Wa.wav,0,data/emodb_2.0,EmoDB,wav,1.638,8,14,35.0,female,deu,0.95,0.9,1.0,a01,1,0.0,None,0.0,0.0,0,0,0,None,anger
anger/14a01Wc_0.png,14a01Wc.wav,0,data/emodb_2.0,EmoDB,wav,1.972,8,14,35.0,female,deu,0.95,0.65,1.0,a01,1,0.0,None,0.0,0.0,0,0,0,None,anger
fear/14a02Ab_0.png,14a02Ab.wav,0,data/emodb_2.0,EmoDB,wav,1.37,8,14,35.0,female,deu,0.85,0.6,2.0,a02,0,0.0,None,0.0,1.0,0,0,0,None,fear
disgust/14a02Ea_0.png,14a02Ea.wav,0,data/emodb_2.0,EmoDB,wav,2.555,8,14,35.0,female,deu,0.95,0.65,2.0,a02,0,0.0,None,1.0,0.0,0,0,0,None,disgust
happiness/14a02Fd_0.png,14a02Fd.wav,0,data/emodb_2.0,EmoDB,wav,1.682,8,14,35.0,female,deu,0.9,0.65,2.0,a02,0,0.0,None,0.0,0.0,1,0,0,None,happiness
boredom/14a02La_0.png,14a02La.wav,0,data/emodb_2.0,EmoDB,wav,1.951,8,14,35.0,female,deu,0.8,0.55,2.0,a02,0,1.0,None,0.0,0.0,0,0,0,None,boredom
neutral/14a02Nc_0.png,14a02Nc.wav,0,data/emodb_2.0,EmoDB,wav,1.431,8,14,35.0,female,deu,1.0,0.85,2.0,a02,0,0.0,None,0.0,0.0,0,1,0,None,neutral
sadness/14a02Tb_0.png,14a02Tb.wav,0,data/emodb_2.0,EmoDB,wav,2.137,8,14,35.0,female,deu,0.8,0.65,2.0,a02,0,0.0,None,0.0,0.0,0,0,1,None,sadness
anger/14a02Wa_0.png,14a02Wa.wav,0,data/emodb_2.0,EmoDB,wav,2.013,8,14,35.0,female,deu,0.95,0.75,2.0,a02,1,0.0,None,0.0,0.0,0,0,0,None,anger
anger/14a02Wc_0.png,14a02Wc.wav,0,data/emodb_2.0,EmoDB,wav,2.093,8,14,35.0,female,deu,0.95,0.9,2.0,a02,1,0.0,None,0.0,0.0,0,0,0,None,anger
fear/14a04Aa_0.png,14a04Aa.wav,0,data/emodb_2.0,EmoDB,wav,1.477,8,14,35.0,female,deu,1.0,0.75,3.0,a04,0,0.0,None,0.0,1.0,0,0,0,None,fear
disgust/14a04Ed_0.png,14a04Ed.wav,0,data/emodb_2.0,EmoDB,wav,2.916,8,14,35.0,female,deu,0.8,0.55,3.0,a04,0,0.0,None,1.0,0.0,0,0,0,None,disgust
happiness/14a04Fc_0.png,14a04Fc.wav,0,data/emodb_2.0,EmoDB,wav,1.836,8,14,35.0,female,deu,0.75,0.4,3.0,a04,0,0.0,None,0.0,0.0,1,0,0,None,happiness
happiness/14a04Fd_0.png,14a04Fd.wav,0,data/emodb_2.0,EmoDB,wav,1.833,8,14,35.0,female,deu,0.65,0.25,3.0,a04,0,0.0,None,0.0,0.0,1,0,0,None,happiness
boredom/14a04Lb_0.png,14a04Lb.wav,0,data/emodb_2.0,EmoDB,wav,1.943,8,14,35.0,female,deu,0.95,0.9,3.0,a04,0,1.0,None,0.0,0.0,0,0,0,None,boredom
neutral/14a04Nb_0.png,14a04Nb.wav,0,data/emodb_2.0,EmoDB,wav,1.706,8,14,35.0,female,deu,0.75,0.7,3.0,a04,0,0.0,None,0.0,0.0,0,1,0,None,neutral
sadness/14a04Tb_0.png,14a04Tb.wav,0,data/emodb_2.0,EmoDB,wav,2.226,8,14,35.0,female,deu,0.95,0.85,3.0,a04,0,0.0,None,0.0,0.0,0,0,1,None,sadness
sadness/14a04Tc_0.png,14a04Tc.wav,0,data/emodb_2.0,EmoDB,wav,2.935,8,14,35.0,female,deu,1.0,1.0,3.0,a04,0,0.0,None,0.0,0.0,0,0,1,None,sadness
anger/14a04Wb_0.png,14a04Wb.wav,0,data/emodb_2.0,EmoDB,wav,1.737,8,14,35.0,female,deu,1.0,0.7,3.0,a04,1,0.0,None,0.0,0.0,0,0,0,None,anger
anger/14a04Wc_0.png,14a04Wc.wav,0,data/emodb_2.0,EmoDB,wav,2.51,8,14,35.0,female,deu,1.0,0.6,3.0,a04,1,0.0,None,0.0,0.0,0,0,0,None,anger
fear/14a05Aa_0.png,14a05Aa.wav,0,data/emodb_2.0,EmoDB,wav,2.588,8,14,35.0,female,deu,1.0,0.9,4.0,a05,0,0.0,None,0.0,1.0,0,0,0,None,fear
fear/14a05Ac_0.png,14a05Ac.wav,0,data/emodb_2.0,EmoDB,wav,4.101,8,14,35.0,female,deu,0.95,0.85,4.0,a05,0,0.0,None,0.0,1.0,0,0,0,None,fear
fear/14a05Ac_1.png,14a05Ac.wav,1,data/emodb_2.0,EmoDB,wav,4.101,8,14,35.0,female,deu,0.95,0.85,4.0,a05,0,0.0,None,0.0,1.0,0,0,0,None,fear
disgust/14a05Ea_0.png,14a05Ea.wav,0,data/emodb_2.0,EmoDB,wav,7.276,8,14,35.0,female,deu,0.9,0.5,4.0,a05,0,0.0,None,1.0,0.0,0,0,0,None,disgust
disgust/14a05Ea_1.png,14a05Ea.wav,1,data/emodb_2.0,EmoDB,wav,7.276,8,14,35.0,female,deu,0.9,0.5,4.0,a05,0,0.0,None,1.0,0.0,0,0,0,None,disgust
disgust/14a05Ea_2.png,14a05Ea.wav,2,data/emodb_2.0,EmoDB,wav,7.276,8,14,35.0,female,deu,0.9,0.5,4.0,a05,0,0.0,None,1.0,0.0,0,0,0,None,disgust
happiness/14a05Fa_0.png,14a05Fa.wav,0,data/emodb_2.0,EmoDB,wav,3.246,8,14,35.0,female,deu,1.0,0.8,4.0,a05,0,0.0,None,0.0,0.0,1,0,0,None,happiness
happiness/14a05Fb_0.png,14a05Fb.wav,0,data/emodb_2.0,EmoDB,wav,3.129,8,14,35.0,female,deu,1.0,0.85,4.0,a05,0,0.0,None,0.0,0.0,1,0,0,None,happiness
boredom/14a05Lb_0.png,14a05Lb.wav,0,data/emodb_2.0,EmoDB,wav,3.519,8,14,35.0,female,deu,0.95,0.85,4.0,a05,0,1.0,None,0.0,0.0,0,0,0,None,boredom
neutral/14a05Na_0.png,14a05Na.wav,0,data/emodb_2.0,EmoDB,wav,3.063,8,14,35.0,female,deu,0.95,0.75,4.0,a05,0,0.0,None,0.0,0.0,0,1,0,None,neutral
sadness/14a05Ta_0.png,14a05Ta.wav,0,data/emodb_2.0,EmoDB,wav,3.737,8,14,35.0,female,deu,0.9,0.75,4.0,a05,0,0.0,None,0.0,0.0,0,0,1,None,sadness
sadness/14a05Tc_0.png,14a05Tc.wav,0,data/emodb_2.0,EmoDB,wav,5.029,8,14,35.0,female,deu,0.85,0.6,4.0,a05,0,0.0,None,0.0,0.0,0,0,1,None,sadness
sadness/14a05Tc_1.png,14a05Tc.wav,1,data/emodb_2.0,EmoDB,wav,5.029,8,14,35.0,female,deu,0.85,0.6,4.0,a05,0,0.0,None,0.0,0.0,0,0,1,None,sadness
anger/14a05Wa_0.png,14a05Wa.wav,0,data/emodb_2.0,EmoDB,wav,4.007,8,14,35.0,female,deu,1.0,1.0,4.0,a05,1,0.0,None,0.0,0.0,0,0,0,None,anger
anger/14a05Wa_1.png,14a05Wa.wav,1,data/emodb_2.0,EmoDB,wav,4.007,8,14,35.0,female,deu,1.0,1.0,4.0,a05,1,0.0,None,0.0,0.0,0,0,0,None,anger
anger/14a05Wb_0.png,14a05Wb.wav,0,data/emodb_2.0,EmoDB,wav,3.054,8,14,35.0,female,deu,1.0,0.95,4.0,a05,1,0.0,None,0.0,0.0,0,0,0,None,anger
fear/14a07Aa_0.png,14a07Aa.wav,0,data/emodb_2.0,EmoDB,wav,2.06,8,14,35.0,female,deu,1.0,0.95,5.0,a07,0,0.0,None,0.0,1.0,0,0,0,None,fear
disgust/14a07Eb_0.png,14a07Eb.wav,0,data/emodb_2.0,EmoDB,wav,3.437,8,14,35.0,female,deu,0.95,0.75,5.0,a07,0,0.0,None,1.0,0.0,0,0,0,None,disgust
happiness/14a07Fd_0.png,14a07Fd.wav,0,data/emodb_2.0,EmoDB,wav,2.081,8,14,35.0,female,deu,0.95,0.65,5.0,a07,0,0.0,None,0.0,0.0,1,0,0,None,happiness
boredom/14a07Lc_0.png,14a07Lc.wav,0,data/emodb_2.0,EmoDB,wav,2.995,8,14,35.0,female,deu,0.9,0.8,5.0,a07,0,1.0,None,0.0,0.0,0,0,0,None,boredom
boredom/14a07Ld_0.png,14a07Ld.wav,0,data/emodb_2.0,EmoDB,wav,2.292,8,14,35.0,female,deu,0.85,0.7,5.0,a07,0,1.0,None,0.0,0.0,0,0,0,None,boredom
neutral/14a07Na_0.png,14a07Na.wav,0,data/emodb_2.0,EmoDB,wav,2.096,8,14,35.0,female,deu,0.95,0.75,5.0,a07,0,0.0,None,0.0,0.0,0,1,0,None,neutral
sadness/14a07Tc_0.png,14a07Tc.wav,0,data/emodb_2.0,EmoDB,wav,3.264,8,14,35.0,female,deu,0.9,0.8,5.0,a07,0,0.0,None,0.0,0.0,0,0,1,None,sadness
anger/14a07Wc_0.png,14a07Wc.wav,0,data/emodb_2.0,EmoDB,wav,2.063,8,14,35.0,female,deu,0.95,0.95,5.0,a07,1,0.0,None,0.0,0.0,0,0,0,None,anger
fear/14b01Ac_0.png,14b01Ac.wav,0,data/emodb_2.0,EmoDB,wav,2.344,8,14,35.0,female,deu,1.0,0.85,6.0,b01,0,0.0,None,0.0,1.0,0,0,0,None,fear
disgust/14b01Eb_0.png,14b01Eb.wav,0,data/emodb_2.0,EmoDB,wav,3.292,8,14,35.0,female,deu,1.0,0.7,6.0,b01,0,0.0,None,1.0,0.0,0,0,0,None,disgust
happiness/14b01Fa_0.png,14b01Fa.wav,0,data/emodb_2.0,EmoDB,wav,2.56,8,14,35.0,female,deu,0.85,0.65,6.0,b01,0,0.0,None,0.0,0.0,1,0,0,None,happiness
happiness/14b01Fc_0.png,14b01Fc.wav,0,data/emodb_2.0,EmoDB,wav,2.541,8,14,35.0,female,deu,1.0,0.75,6.0,b01,0,0.0,None,0.0,0.0,1,0,0,None,happiness
boredom/14b01Lb_0.png,14b01Lb.wav,0,data/emodb_2.0,EmoDB,wav,2.511,8,14,35.0,female,deu,0.75,0.55,6.0,b01,0,1.0,None,0.0,0.0,0,0,0,None,boredom
neutral/14b01Na_0.png,14b01Na.wav,0,data/emodb_2.0,EmoDB,wav,2.573,8,14,35.0,female,deu,0.85,0.7,6.0,b01,0,0.0,None,0.0,0.0,0,1,0,None,neutral
sadness/14b01Ta_0.png,14b01Ta.wav,0,data/emodb_2.0,EmoDB,wav,3.522,8,14,35.0,female,deu,0.75,0.6,6.0,b01,0,0.0,None,0.0,0.0,0,0,1,None,sadness
anger/14b01Wc_0.png,14b01Wc.wav,0,data/emodb_2.0,EmoDB,wav,2.958,8,14,35.0,female,deu,0.95,0.9,6.0,b01,1,0.0,None,0.0,0.0,0,0,0,None,anger
fear/14b02Aa_0.png,14b02Aa.wav,0,data/emodb_2.0,EmoDB,wav,2.84,8,14,35.0,female,deu,0.9,0.7,7.0,b02,0,0.0,None,0.0,1.0,0,0,0,None,fear
disgust/14b02Eb_0.png,14b02Eb.wav,0,data/emodb_2.0,EmoDB,wav,4.177,8,14,35.0,female,deu,0.9,0.5,7.0,b02,0,0.0,None,1.0,0.0,0,0,0,None,disgust
disgust/14b02Eb_1.png,14b02Eb.wav,1,data/emodb_2.0,EmoDB,wav,4.177,8,14,35.0,female,deu,0.9,0.5,7.0,b02,0,0.0,None,1.0,0.0,0,0,0,None,disgust
happiness/14b02Fb_0.png,14b02Fb.wav,0,data/emodb_2.0,EmoDB,wav,2.837,8,14,35.0,female,deu,0.95,0.85,7.0,b02,0,0.0,None,0.0,0.0,1,0,0,None,happiness
boredom/14b02Lc_0.png,14b02Lc.wav,0,data/emodb_2.0,EmoDB,wav,2.661,8,14,35.0,female,deu,0.6,0.45,7.0,b02,0,1.0,None,0.0,0.0,0,0,0,None,boredom
neutral/14b02Na_0.png,14b02Na.wav,0,data/emodb_2.0,EmoDB,wav,2.899,8,14,35.0,female,deu,1.0,0.9,7.0,b02,0,0.0,None,0.0,0.0,0,1,0,None,neutral
sadness/14b02Tc_0.png,14b02Tc.wav,0,data/emodb_2.0,EmoDB,wav,6.215,8,14,35.0,female,deu,0.95,0.8,7.0,b02,0,0.0,None,0.0,0.0,0,0,1,None,sadness
sadness/14b02Tc_1.png,14b02Tc.wav,1,data/emodb_2.0,EmoDB,wav,6.215,8,14,35.0,female,deu,0.95,0.8,7.0,b02,0,0.0,None,0.0,0.0,0,0,1,None,sadness
anger/14b02Wb_0.png,14b02Wb.wav,0,data/emodb_2.0,EmoDB,wav,2.748,8,14,35.0,female,deu,0.95,0.75,7.0,b02,1,0.0,None,0.0,0.0,0,0,0,None,anger
anger/14b02Wd_0.png,14b02Wd.wav,0,data/emodb_2.0,EmoDB,wav,2.292,8,14,35.0,female,deu,1.0,0.8,7.0,b02,1,0.0,None,0.0,0.0,0,0,0,None,anger
fear/14b03Ad_0.png,14b03Ad.wav,0,data/emodb_2.0,EmoDB,wav,3.503,8,14,35.0,female,deu,1.0,0.8571,8.0,b03,0,0.0,None,0.0,1.0,0,0,0,None,fear
disgust/14b03Ed_0.png,14b03Ed.wav,0,data/emodb_2.0,EmoDB,wav,5.05,8,14,35.0,female,deu,0.9524,0.9048,8.0,b03,0,0.0,None,1.0,0.0,0,0,0,None,disgust
disgust/14b03Ed_1.png,14b03Ed.wav,1,data/emodb_2.0,EmoDB,wav,5.05,8,14,35.0,female,deu,0.9524,0.9048,8.0,b03,0,0.0,None,1.0,0.0,0,0,0,None,disgust
happiness/14b03Fb_0.png,14b03Fb.wav,0,data/emodb_2.0,EmoDB,wav,3.891,8,14,35.0,female,deu,0.7619,0.5238,8.0,b03,0,0.0,None,0.0,0.0,1,0,0,None,happiness
boredom/14b03Lb_0.png,14b03Lb.wav,0,data/emodb_2.0,EmoDB,wav,3.58,8,14,35.0,female,deu,1.0,0.9524,8.0,b03,0,1.0,None,0.0,0.0,0,0,0,None,boredom
neutral/14b03Na_0.png,14b03Na.wav,0,data/emodb_2.0,EmoDB,wav,3.915,8,14,35.0,female,deu,0.7619,0.619,8.0,b03,0,0.0,None,0.0,0.0,0,1,0,None,neutral
neutral/14b03Nb_0.png,14b03Nb.wav,0,data/emodb_2.0,EmoDB,wav,3.495,8,14,35.0,female,deu,0.619,0.4761999999999999,8.0,b03,0,0.0,None,0.0,0.0,0,1,0,None,neutral
sadness/14b03Ta_0.png,14b03Ta.wav,0,data/emodb_2.0,EmoDB,wav,5.497,8,14,35.0,female,deu,0.8095,0.7143,8.0,b03,0,0.0,None,0.0,0.0,0,0,1,None,sadness
sadness/14b03Ta_1.png,14b03Ta.wav,1,data/emodb_2.0,EmoDB,wav,5.497,8,14,35.0,female,deu,0.8095,0.7143,8.0,b03,0,0.0,None,0.0,0.0,0,0,1,None,sadness
anger/14b03Wb_0.png,14b03Wb.wav,0,data/emodb_2.0,EmoDB,wav,3.886,8,14,35.0,female,deu,1.0,0.9048,8.0,b03,1,0.0,None,0.0,0.0,0,0,0,None,anger
fear/14b09Ac_0.png,14b09Ac.wav,0,data/emodb_2.0,EmoDB,wav,2.288,8,14,35.0,female,deu,1.0,0.95,9.0,b09,0,0.0,None,0.0,1.0,0,0,0,None,fear
disgust/14b09Ea_0.png,14b09Ea.wav,0,data/emodb_2.0,EmoDB,wav,4.244,8,14,35.0,female,deu,0.95,0.75,9.0,b09,0,0.0,None,1.0,0.0,0,0,0,None,disgust
disgust/14b09Ea_1.png,14b09Ea.wav,1,data/emodb_2.0,EmoDB,wav,4.244,8,14,35.0,female,deu,0.95,0.75,9.0,b09,0,0.0,None,1.0,0.0,0,0,0,None,disgust
happiness/14b09Fc_0.png,14b09Fc.wav,0,data/emodb_2.0,EmoDB,wav,2.53,8,14,35.0,female,deu,0.9,0.7,9.0,b09,0,0.0,None,0.0,0.0,1,0,0,None,happiness
boredom/14b09Lb_0.png,14b09Lb.wav,0,data/emodb_2.0,EmoDB,wav,3.05,8,14,35.0,female,deu,0.95,0.8,9.0,b09,0,1.0,None,0.0,0.0,0,0,0,None,boredom
neutral/14b09Nb_0.png,14b09Nb.wav,0,data/emodb_2.0,EmoDB,wav,2.507,8,14,35.0,female,deu,0.75,0.65,9.0,b09,0,0.0,None,0.0,0.0,0,1,0,None,neutral
sadness/14b09Tb_0.png,14b09Tb.wav,0,data/emodb_2.0,EmoDB,wav,3.086,8,14,35.0,female,deu,0.95,0.8,9.0,b09,0,0.0,None,0.0,0.0,0,0,1,None,sadness
sadness/14b09Td_0.png,14b09Td.wav,0,data/emodb_2.0,EmoDB,wav,3.765,8,14,35.0,female,deu,0.95,0.95,9.0,b09,0,0.0,None,0.0,0.0,0,0,1,None,sadness
anger/14b09Wa_0.png,14b09Wa.wav,0,data/emodb_2.0,EmoDB,wav,3.545,8,14,35.0,female,deu,0.9,0.7,9.0,b09,1,0.0,None,0.0,0.0,0,0,0,None,anger
anger/14b09Wc_0.png,14b09Wc.wav,0,data/emodb_2.0,EmoDB,wav,2.771,8,14,35.0,female,deu,0.95,0.95,9.0,b09,1,0.0,None,0.0,0.0,0,0,0,None,anger
fear/14b10Ad_0.png,14b10Ad.wav,0,data/emodb_2.0,EmoDB,wav,1.966,8,14,35.0,female,deu,0.85,0.6,10.0,b10,0,0.0,None,0.0,1.0,0,0,0,None,fear
disgust/14b10Eb_0.png,14b10Eb.wav,0,data/emodb_2.0,EmoDB,wav,3.679,8,14,35.0,female,deu,0.85,0.7,10.0,b10,0,0.0,None,1.0,0.0,0,0,0,None,disgust
happiness/14b10Fa_0.png,14b10Fa.wav,0,data/emodb_2.0,EmoDB,wav,2.014,8,14,35.0,female,deu,0.7,0.45,10.0,b10,0,0.0,None,0.0,0.0,1,0,0,None,happiness
boredom/14b10Lb_0.png,14b10Lb.wav,0,data/emodb_2.0,EmoDB,wav,2.138,8,14,35.0,female,deu,0.95,0.85,10.0,b10,0,1.0,None,0.0,0.0,0,0,0,None,boredom
neutral/14b10Nb_0.png,14b10Nb.wav,0,data/emodb_2.0,EmoDB,wav,2.058,8,14,35.0,female,deu,0.95,0.7,10.0,b10,0,0.0,None,0.0,0.0,0,1,0,None,neutral
sadness/14b10Tc_0.png,14b10Tc.wav,0,data/emodb_2.0,EmoDB,wav,3.411,8,14,35.0,female,deu,0.9,0.8,10.0,b10,0,0.0,None,0.0,0.0,0,0,1,None,sadness
anger/14b10Wc_0.png,14b10Wc.wav,0,data/emodb_2.0,EmoDB,wav,2.655,8,14,35.0,female,deu,1.0,1.0,10.0,b10,1,0.0,None,0.0,0.0,0,0,0,None,anger
fear/16a01Ab_0.png,16a01Ab.wav,0,data/emodb_2.0,EmoDB,wav,1.435,10,16,31.0,female,deu,0.6,0.4,1.0,a01,0,0.0,None,0.0,1.0,0,0,0,None,fear
disgust/16a01Ec_0.png,16a01Ec.wav,0,data/emodb_2.0,EmoDB,wav,2.43,10,16,31.0,female,deu,0.9,0.7,1.0,a01,0,0.0,None,1.0,0.0,0,0,0,None,disgust
happiness/16a01Fc_0.png,16a01Fc.wav,0,data/emodb_2.0,EmoDB,wav,2.096,10,16,31.0,female,deu,0.95,0.65,1.0,a01,0,0.0,None,0.0,0.0,1,0,0,None,happiness
boredom/16a01Lb_0.png,16a01Lb.wav,0,data/emodb_2.0,EmoDB,wav,2.034,10,16,31.0,female,deu,1.0,0.9,1.0,a01,0,1.0,None,0.0,0.0,0,0,0,None,boredom
neutral/16a01Nc_0.png,16a01Nc.wav,0,data/emodb_2.0,EmoDB,wav,1.772,10,16,31.0,female,deu,0.9,0.85,1.0,a01,0,0.0,None,0.0,0.0,0,1,0,None,neutral
sadness/16a01Tb_0.png,16a01Tb.wav,0,data/emodb_2.0,EmoDB,wav,2.608,10,16,31.0,female,deu,1.0,0.85,1.0,a01,0,0.0,None,0.0,0.0,0,0,1,None,sadness
anger/16a01Wb_0.png,16a01Wb.wav,0,data/emodb_2.0,EmoDB,wav,2.2,10,16,31.0,female,deu,1.0,0.85,1.0,a01,1,0.0,None,0.0,0.0,0,0,0,None,anger
fear/16a02Aa_0.png,16a02Aa.wav,0,data/emodb_2.0,EmoDB,wav,1.498,10,16,31.0,female,deu,0.95,0.5,2.0,a02,0,0.0,None,0.0,1.0,0,0,0,None,fear
disgust/16a02Ea_0.png,16a02Ea.wav,0,data/emodb_2.0,EmoDB,wav,2.949,10,16,31.0,female,deu,1.0,0.8,2.0,a02,0,0.0,None,1.0,0.0,0,0,0,None,disgust
disgust/16a02Ec_0.png,16a02Ec.wav,0,data/emodb_2.0,EmoDB,wav,2.487,10,16,31.0,female,deu,1.0,0.75,2.0,a02,0,0.0,None,1.0,0.0,0,0,0,None,disgust
happiness/16a02Fc_0.png,16a02Fc.wav,0,data/emodb_2.0,EmoDB,wav,2.017,10,16,31.0,female,deu,0.9,0.55,2.0,a02,0,0.0,None,0.0,0.0,1,0,0,None,happiness
boredom/16a02Lb_0.png,16a02Lb.wav,0,data/emodb_2.0,EmoDB,wav,2.081,10,16,31.0,female,deu,1.0,0.85,2.0,a02,0,1.0,None,0.0,0.0,0,0,0,None,boredom
neutral/16a02Nb_0.png,16a02Nb.wav,0,data/emodb_2.0,EmoDB,wav,1.66,10,16,31.0,female,deu,0.8,0.6,2.0,a02,0,0.0,None,0.0,0.0,0,1,0,None,neutral
sadness/16a02Tc_0.png,16a02Tc.wav,0,data/emodb_2.0,EmoDB,wav,2.192,10,16,31.0,female,deu,0.95,0.85,2.0,a02,0,0.0,None,0.0,0.0,0,0,1,None,sadness
anger/16a02Wb_0.png,16a02Wb.wav,0,data/emodb_2.0,EmoDB,wav,1.77,10,16,31.0,female,deu,1.0,0.85,2.0,a02,1,0.0,None,0.0,0.0,0,0,0,None,anger
fear/16a04Ab_0.png,16a04Ab.wav,0,data/emodb_2.0,EmoDB,wav,1.48,10,16,31.0,female,deu,0.85,0.45,3.0,a04,0,0.0,None,0.0,1.0,0,0,0,None,fear
disgust/16a04Ea_0.png,16a04Ea.wav,0,data/emodb_2.0,EmoDB,wav,2.65,10,16,31.0,female,deu,0.95,0.8,3.0,a04,0,0.0,None,1.0,0.0,0,0,0,None,disgust
happiness/16a04Fa_0.png,16a04Fa.wav,0,data/emodb_2.0,EmoDB,wav,2.044,10,16,31.0,female,deu,1.0,0.85,3.0,a04,0,0.0,None,0.0,0.0,1,0,0,None,happiness
boredom/16a04La_0.png,16a04La.wav,0,data/emodb_2.0,EmoDB,wav,2.029,10,16,31.0,female,deu,1.0,0.9,3.0,a04,0,1.0,None,0.0,0.0,0,0,0,None,boredom
boredom/16a04Lc_0.png,16a04Lc.wav,0,data/emodb_2.0,EmoDB,wav,2.654,10,16,31.0,female,deu,1.0,0.95,3.0,a04,0,1.0,None,0.0,0.0,0,0,0,None,boredom
neutral/16a04Nc_0.png,16a04Nc.wav,0,data/emodb_2.0,EmoDB,wav,1.826,10,16,31.0,female,deu,0.95,0.75,3.0,a04,0,0.0,None,0.0,0.0,0,1,0,None,neutral
sadness/16a04Tc_0.png,16a04Tc.wav,0,data/emodb_2.0,EmoDB,wav,3.166,10,16,31.0,female,deu,0.9,0.75,3.0,a04,0,0.0,None,0.0,0.0,0,0,1,None,sadness
anger/16a04Wb_0.png,16a04Wb.wav,0,data/emodb_2.0,EmoDB,wav,2.562,10,16,31.0,female,deu,1.0,0.75,3.0,a04,1,0.0,None,0.0,0.0,0,0,0,None,anger
anger/16a04Wc_0.png,16a04Wc.wav,0,data/emodb_2.0,EmoDB,wav,1.944,10,16,31.0,female,deu,1.0,1.0,3.0,a04,1,0.0,None,0.0,0.0,0,0,0,None,anger
fear/16a05Ab_0.png,16a05Ab.wav,0,data/emodb_2.0,EmoDB,wav,2.901,10,16,31.0,female,deu,0.95,0.8,4.0,a05,0,0.0,None,0.0,1.0,0,0,0,None,fear
disgust/16a05Ea_0.png,16a05Ea.wav,0,data/emodb_2.0,EmoDB,wav,5.489,10,16,31.0,female,deu,0.9,0.6,4.0,a05,0,0.0,None,1.0,0.0,0,0,0,None,disgust
disgust/16a05Ea_1.png,16a05Ea.wav,1,data/emodb_2.0,EmoDB,wav,5.489,10,16,31.0,female,deu,0.9,0.6,4.0,a05,0,0.0,None,1.0,0.0,0,0,0,None,disgust
happiness/16a05Fc_0.png,16a05Fc.wav,0,data/emodb_2.0,EmoDB,wav,3.612,10,16,31.0,female,deu,0.9,0.55,4.0,a05,0,0.0,None,0.0,0.0,1,0,0,None,happiness
boredom/16a05La_0.png,16a05La.wav,0,data/emodb_2.0,EmoDB,wav,4.051,10,16,31.0,female,deu,1.0,1.0,4.0,a05,0,1.0,None,0.0,0.0,0,0,0,None,boredom
boredom/16a05La_1.png,16a05La.wav,1,data/emodb_2.0,EmoDB,wav,4.051,10,16,31.0,female,deu,1.0,1.0,4.0,a05,0,1.0,None,0.0,0.0,0,0,0,None,boredom
neutral/16a05Na_0.png,16a05Na.wav,0,data/emodb_2.0,EmoDB,wav,3.296,10,16,31.0,female,deu,0.55,0.5,4.0,a05,0,0.0,None,0.0,0.0,0,1,0,None,neutral
sadness/16a05Tb_0.png,16a05Tb.wav,0,data/emodb_2.0,EmoDB,wav,6.788,10,16,31.0,female,deu,1.0,0.75,4.0,a05,0,0.0,None,0.0,0.0,0,0,1,None,sadness
sadness/16a05Tb_1.png,16a05Tb.wav,1,data/emodb_2.0,EmoDB,wav,6.788,10,16,31.0,female,deu,1.0,0.75,4.0,a05,0,0.0,None,0.0,0.0,0,0,1,None,sadness
anger/16a05Wb_0.png,16a05Wb.wav,0,data/emodb_2.0,EmoDB,wav,3.741,10,16,31.0,female,deu,1.0,0.9,4.0,a05,1,0.0,None,0.0,0.0,0,0,0,None,anger
anger/16a05Wc_0.png,16a05Wc.wav,0,data/emodb_2.0,EmoDB,wav,3.801,10,16,31.0,female,deu,1.0,0.9,4.0,a05,1,0.0,None,0.0,0.0,0,0,0,None,anger
fear/16a07Ac_0.png,16a07Ac.wav,0,data/emodb_2.0,EmoDB,wav,1.608,10,16,31.0,female,deu,0.75,0.5,5.0,a07,0,0.0,None,0.0,1.0,0,0,0,None,fear
disgust/16a07Ea_0.png,16a07Ea.wav,0,data/emodb_2.0,EmoDB,wav,2.996,10,16,31.0,female,deu,0.95,0.85,5.0,a07,0,0.0,None,1.0,0.0,0,0,0,None,disgust
happiness/16a07Fa_0.png,16a07Fa.wav,0,data/emodb_2.0,EmoDB,wav,2.371,10,16,31.0,female,deu,0.8,0.55,5.0,a07,0,0.0,None,0.0,0.0,1,0,0,None,happiness
happiness/16a07Fb_0.png,16a07Fb.wav,0,data/emodb_2.0,EmoDB,wav,2.427,10,16,31.0,female,deu,1.0,0.85,5.0,a07,0,0.0,None,0.0,0.0,1,0,0,None,happiness
boredom/16a07La_0.png,16a07La.wav,0,data/emodb_2.0,EmoDB,wav,2.075,10,16,31.0,female,deu,0.85,0.65,5.0,a07,0,1.0,None,0.0,0.0,0,0,0,None,boredom
boredom/16a07Lb_0.png,16a07Lb.wav,0,data/emodb_2.0,EmoDB,wav,2.167,10,16,31.0,female,deu,1.0,0.95,5.0,a07,0,1.0,None,0.0,0.0,0,0,0,None,boredom
neutral/16a07Nb_0.png,16a07Nb.wav,0,data/emodb_2.0,EmoDB,wav,2.007,10,16,31.0,female,deu,0.9,0.65,5.0,a07,0,0.0,None,0.0,0.0,0,1,0,None,neutral
sadness/16a07Td_0.png,16a07Td.wav,0,data/emodb_2.0,EmoDB,wav,3.729,10,16,31.0,female,deu,0.95,0.85,5.0,a07,0,0.0,None,0.0,0.0,0,0,1,None,sadness
anger/16a07Wa_0.png,16a07Wa.wav,0,data/emodb_2.0,EmoDB,wav,2.382,10,16,31.0,female,deu,0.9,0.75,5.0,a07,1,0.0,None,0.0,0.0,0,0,0,None,anger
fear/16b01Aa_0.png,16b01Aa.wav,0,data/emodb_2.0,EmoDB,wav,2.081,10,16,31.0,female,deu,0.95,0.8,6.0,b01,0,0.0,None,0.0,1.0,0,0,0,None,fear
disgust/16b01Eb_0.png,16b01Eb.wav,0,data/emodb_2.0,EmoDB,wav,3.422,10,16,31.0,female,deu,1.0,0.85,6.0,b01,0,0.0,None,1.0,0.0,0,0,0,None,disgust
happiness/16b01Fa_0.png,16b01Fa.wav,0,data/emodb_2.0,EmoDB,wav,2.65,10,16,31.0,female,deu,0.8,0.7,6.0,b01,0,0.0,None,0.0,0.0,1,0,0,None,happiness
boredom/16b01La_0.png,16b01La.wav,0,data/emodb_2.0,EmoDB,wav,2.944,10,16,31.0,female,deu,0.95,0.75,6.0,b01,0,1.0,None,0.0,0.0,0,0,0,None,boredom
boredom/16b01Lc_0.png,16b01Lc.wav,0,data/emodb_2.0,EmoDB,wav,2.466,10,16,31.0,female,deu,0.95,0.75,6.0,b01,0,1.0,None,0.0,0.0,0,0,0,None,boredom
neutral/16b01Nc_0.png,16b01Nc.wav,0,data/emodb_2.0,EmoDB,wav,2.63,10,16,31.0,female,deu,0.4,0.15,6.0,b01,0,0.0,None,0.0,0.0,0,1,0,None,neutral
sadness/16b01Tb_0.png,16b01Tb.wav,0,data/emodb_2.0,EmoDB,wav,4.378,10,16,31.0,female,deu,1.0,0.8,6.0,b01,0,0.0,None,0.0,0.0,0,0,1,None,sadness
sadness/16b01Tb_1.png,16b01Tb.wav,1,data/emodb_2.0,EmoDB,wav,4.378,10,16,31.0,female,deu,1.0,0.8,6.0,b01,0,0.0,None,0.0,0.0,0,0,1,None,sadness
anger/16b01Wa_0.png,16b01Wa.wav,0,data/emodb_2.0,EmoDB,wav,2.61,10,16,31.0,female,deu,1.0,1.0,6.0,b01,1,0.0,None,0.0,0.0,0,0,0,None,anger
anger/16b01Wb_0.png,16b01Wb.wav,0,data/emodb_2.0,EmoDB,wav,2.662,10,16,31.0,female,deu,1.0,1.0,6.0,b01,1,0.0,None,0.0,0.0,0,0,0,None,anger
fear/16b02Aa_0.png,16b02Aa.wav,0,data/emodb_2.0,EmoDB,wav,3.004,10,16,31.0,female,deu,1.0,0.85,7.0,b02,0,0.0,None,0.0,1.0,0,0,0,None,fear
disgust/16b02Eb_0.png,16b02Eb.wav,0,data/emodb_2.0,EmoDB,wav,4.189,10,16,31.0,female,deu,0.85,0.75,7.0,b02,0,0.0,None,1.0,0.0,0,0,0,None,disgust
disgust/16b02Eb_1.png,16b02Eb.wav,1,data/emodb_2.0,EmoDB,wav,4.189,10,16,31.0,female,deu,0.85,0.75,7.0,b02,0,0.0,None,1.0,0.0,0,0,0,None,disgust
happiness/16b02Fd_0.png,16b02Fd.wav,0,data/emodb_2.0,EmoDB,wav,3.534,10,16,31.0,female,deu,1.0,0.75,7.0,b02,0,0.0,None,0.0,0.0,1,0,0,None,happiness
boredom/16b02Lb_0.png,16b02Lb.wav,0,data/emodb_2.0,EmoDB,wav,3.399,10,16,31.0,female,deu,0.95,0.8,7.0,b02,0,1.0,None,0.0,0.0,0,0,0,None,boredom
neutral/16b02Nc_0.png,16b02Nc.wav,0,data/emodb_2.0,EmoDB,wav,2.946,10,16,31.0,female,deu,0.7,0.55,7.0,b02,0,0.0,None,0.0,0.0,0,1,0,None,neutral
sadness/16b02Td_0.png,16b02Td.wav,0,data/emodb_2.0,EmoDB,wav,4.318,10,16,31.0,female,deu,0.75,0.6,7.0,b02,0,0.0,None,0.0,0.0,0,0,1,None,sadness
sadness/16b02Td_1.png,16b02Td.wav,1,data/emodb_2.0,EmoDB,wav,4.318,10,16,31.0,female,deu,0.75,0.6,7.0,b02,0,0.0,None,0.0,0.0,0,0,1,None,sadness
anger/16b02Wb_0.png,16b02Wb.wav,0,data/emodb_2.0,EmoDB,wav,3.184,10,16,31.0,female,deu,0.95,0.85,7.0,b02,1,0.0,None,0.0,0.0,0,0,0,None,anger
fear/16b03Ad_0.png,16b03Ad.wav,0,data/emodb_2.0,EmoDB,wav,3.216,10,16,31.0,female,deu,0.9048,0.6667000000000001,8.0,b03,0,0.0,None,0.0,1.0,0,0,0,None,fear
disgust/16b03Ea_0.png,16b03Ea.wav,0,data/emodb_2.0,EmoDB,wav,5.964,10,16,31.0,female,deu,0.9524,0.7619,8.0,b03,0,0.0,None,1.0,0.0,0,0,0,None,disgust
disgust/16b03Ea_1.png,16b03Ea.wav,1,data/emodb_2.0,EmoDB,wav,5.964,10,16,31.0,female,deu,0.9524,0.7619,8.0,b03,0,0.0,None,1.0,0.0,0,0,0,None,disgust
happiness/16b03Fa_0.png,16b03Fa.wav,0,data/emodb_2.0,EmoDB,wav,3.865,10,16,31.0,female,deu,0.9524,0.7143,8.0,b03,0,0.0,None,0.0,0.0,1,0,0,None,happiness
happiness/16b03Fd_0.png,16b03Fd.wav,0,data/emodb_2.0,EmoDB,wav,3.657,10,16,31.0,female,deu,1.0,0.8571,8.0,b03,0,0.0,None,0.0,0.0,1,0,0,None,happiness
boredom/16b03La_0.png,16b03La.wav,0,data/emodb_2.0,EmoDB,wav,4.036,10,16,31.0,female,deu,0.9524,0.9048,8.0,b03,0,1.0,None,0.0,0.0,0,0,0,None,boredom
boredom/16b03La_1.png,16b03La.wav,1,data/emodb_2.0,EmoDB,wav,4.036,10,16,31.0,female,deu,0.9524,0.9048,8.0,b03,0,1.0,None,0.0,0.0,0,0,0,None,boredom
neutral/16b03Nb_0.png,16b03Nb.wav,0,data/emodb_2.0,EmoDB,wav,3.899,10,16,31.0,female,deu,0.9524,0.8095,8.0,b03,0,0.0,None,0.0,0.0,0,1,0,None,neutral
sadness/16b03Ta_0.png,16b03Ta.wav,0,data/emodb_2.0,EmoDB,wav,5.976,10,16,31.0,female,deu,0.8095,0.8095,8.0,b03,0,0.0,None,0.0,0.0,0,0,1,None,sadness
sadness/16b03Ta_1.png,16b03Ta.wav,1,data/emodb_2.0,EmoDB,wav,5.976,10,16,31.0,female,deu,0.8095,0.8095,8.0,b03,0,0.0,None,0.0,0.0,0,0,1,None,sadness
anger/16b03Wb_0.png,16b03Wb.wav,0,data/emodb_2.0,EmoDB,wav,3.925,10,16,31.0,female,deu,1.0,0.8095,8.0,b03,1,0.0,None,0.0,0.0,0,0,0,None,anger
fear/16b09Ab_0.png,16b09Ab.wav,0,data/emodb_2.0,EmoDB,wav,2.052,10,16,31.0,female,deu,0.8,0.45,9.0,b09,0,0.0,None,0.0,1.0,0,0,0,None,fear
disgust/16b09Eb_0.png,16b09Eb.wav,0,data/emodb_2.0,EmoDB,wav,5.026,10,16,31.0,female,deu,0.95,0.8,9.0,b09,0,0.0,None,1.0,0.0,0,0,0,None,disgust
disgust/16b09Eb_1.png,16b09Eb.wav,1,data/emodb_2.0,EmoDB,wav,5.026,10,16,31.0,female,deu,0.95,0.8,9.0,b09,0,0.0,None,1.0,0.0,0,0,0,None,disgust
happiness/16b09Fb_0.png,16b09Fb.wav,0,data/emodb_2.0,EmoDB,wav,3.502,10,16,31.0,female,deu,0.85,0.7,9.0,b09,0,0.0,None,0.0,0.0,1,0,0,None,happiness
boredom/16b09La_0.png,16b09La.wav,0,data/emodb_2.0,EmoDB,wav,3.066,10,16,31.0,female,deu,0.9,0.6,9.0,b09,0,1.0,None,0.0,0.0,0,0,0,None,boredom
boredom/16b09Lb_0.png,16b09Lb.wav,0,data/emodb_2.0,EmoDB,wav,3.186,10,16,31.0,female,deu,1.0,0.8,9.0,b09,0,1.0,None,0.0,0.0,0,0,0,None,boredom
neutral/16b09Nb_0.png,16b09Nb.wav,0,data/emodb_2.0,EmoDB,wav,3.132,10,16,31.0,female,deu,0.7,0.6,9.0,b09,0,0.0,None,0.0,0.0,0,1,0,None,neutral
sadness/16b09Tc_0.png,16b09Tc.wav,0,data/emodb_2.0,EmoDB,wav,4.37,10,16,31.0,female,deu,0.75,0.65,9.0,b09,0,0.0,None,0.0,0.0,0,0,1,None,sadness
sadness/16b09Tc_1.png,16b09Tc.wav,1,data/emodb_2.0,EmoDB,wav,4.37,10,16,31.0,female,deu,0.75,0.65,9.0,b09,0,0.0,None,0.0,0.0,0,0,1,None,sadness
anger/16b09Wb_0.png,16b09Wb.wav,0,data/emodb_2.0,EmoDB,wav,3.69,10,16,31.0,female,deu,1.0,0.9,9.0,b09,1,0.0,None,0.0,0.0,0,0,0,None,anger
fear/16b10Aa_0.png,16b10Aa.wav,0,data/emodb_2.0,EmoDB,wav,2.583,10,16,31.0,female,deu,1.0,0.9,10.0,b10,0,0.0,None,0.0,1.0,0,0,0,None,fear
disgust/16b10Eb_0.png,16b10Eb.wav,0,data/emodb_2.0,EmoDB,wav,3.224,10,16,31.0,female,deu,0.8,0.55,10.0,b10,0,0.0,None,1.0,0.0,0,0,0,None,disgust
happiness/16b10Fb_0.png,16b10Fb.wav,0,data/emodb_2.0,EmoDB,wav,2.583,10,16,31.0,female,deu,0.85,0.7,10.0,b10,0,0.0,None,0.0,0.0,1,0,0,None,happiness
boredom/16b10Lb_0.png,16b10Lb.wav,0,data/emodb_2.0,EmoDB,wav,3.443,10,16,31.0,female,deu,1.0,0.9,10.0,b10,0,1.0,None,0.0,0.0,0,0,0,None,boredom
neutral/16b10Nb_0.png,16b10Nb.wav,0,data/emodb_2.0,EmoDB,wav,2.484,10,16,31.0,female,deu,0.7,0.65,10.0,b10,0,0.0,None,0.0,0.0,0,1,0,None,neutral
sadness/16b10Tb_0.png,16b10Tb.wav,0,data/emodb_2.0,EmoDB,wav,3.501,10,16,31.0,female,deu,0.9,0.7,10.0,b10,0,0.0,None,0.0,0.0,0,0,1,None,sadness
sadness/16b10Td_0.png,16b10Td.wav,0,data/emodb_2.0,EmoDB,wav,3.934,10,16,31.0,female,deu,0.95,0.7,10.0,b10,0,0.0,None,0.0,0.0,0,0,1,None,sadness
anger/16b10Wa_0.png,16b10Wa.wav,0,data/emodb_2.0,EmoDB,wav,2.414,10,16,31.0,female,deu,1.0,1.0,10.0,b10,1,0.0,None,0.0,0.0,0,0,0,None,anger
anger/16b10Wb_0.png,16b10Wb.wav,0,data/emodb_2.0,EmoDB,wav,2.522,10,16,31.0,female,deu,1.0,0.75,10.0,b10,1,0.0,None,0.0,0.0,0,0,0,None,anger
